,Unnamed: 0,Player,ID,URL
0,0,Álex Abrines,abrinal01,https://d2cwpp38twqe55.cloudfront.net/req/202003231/images/players/abrinal01.jpg
1,1,Quincy Acy,acyqu01,https://d2cwpp38twqe55.cloudfront.net/req/202003231/images/players/acyqu01.jpg
2,2,Quincy Acy,acyqu01,https://d2cwpp38twqe55.cloudfront.net/req/202003231/images/players/acyqu01.jpg
3,3,Quincy Acy,acyqu01,https://d2cwpp38twqe55.cloudfront.net/req/202003231/images/players/acyqu01.jpg
4,4,Steven Adams,adamsst01,https://d2cwpp38twqe55.cloudfront.net/req/202003231/images/players/adamsst01.jpg
5,5,Arron Afflalo,afflaar01,https://d2cwpp38twqe55.cloudfront.net/req/202003231/images/players/afflaar01.jpg
6,6,Alexis Ajinça,ajincal01,https://d2cwpp38twqe55.cloudfront.net/req/202003231/images/players/ajincal01.jpg
7,7,Cole Aldrich,aldrico01,https://d2cwpp38twqe55.cloudfront.net/req/202003231/images/players/aldrico01.jpg
8,8,LaMarcus Aldridge,aldrila01,https://d2cwpp38twqe55.cloudfront.net/req/202003231/images/players/aldrila01.jpg
9,9,Lavoy Allen,allenla01,https://d2cwpp38twqe55.cloudfront.net/req/202003231/images/players/allenla01.jpg
10,10,Tony Allen,allento01,https://d2cwpp38twqe55.cloudfront.net/req/202003231/images/players/allento01.jpg
11,11,Al-Farouq Aminu,aminual01,https://d2cwpp38twqe55.cloudfront.net/req/202003231/images/players/aminual01.jpg
12,12,Chris Andersen,anderch01,https://d2cwpp38twqe55.cloudfront.net/req/202003231/images/players/anderch01.jpg
13,13,Alan Anderson,anderal01,https://d2cwpp38twqe55.cloudfront.net/req/202003231/images/players/anderal01.jpg
14,14,Justin Anderson,anderju01,https://d2cwpp38twqe55.cloudfront.net/req/202003231/images/players/anderju01.jpg
15,15,Justin Anderson,anderju01,https://d2cwpp38twqe55.cloudfront.net/req/202003231/images/players/anderju01.jpg
16,16,Justin Anderson,anderju01,https://d2cwpp38twqe55.cloudfront.net/req/202003231/images/players/anderju01.jpg
17,17,Kyle Anderson,anderky01,https://d2cwpp38twqe55.cloudfront.net/req/202003231/images/players/anderky01.jpg
18,18,Ryan Anderson,anderry01,https://d2cwpp38twqe55.cloudfront.net/req/202003231/images/players/anderry01.jpg
19,19,Giannis Antetokounmpo,antetgi01,https://d2cwpp38twqe55.cloudfront.net/req/202003231/images/players/antetgi01.jpg
20,20,Carmelo Anthony,anthoca01,https://d2cwpp38twqe55.cloudfront.net/req/202003231/images/players/anthoca01.jpg
21,21,Joel Anthony,anthojo01,https://d2cwpp38twqe55.cloudfront.net/req/202003231/images/players/anthojo01.jpg
22,22,Trevor Ariza,arizatr01,https://d2cwpp38twqe55.cloudfront.net/req/202003231/images/players/arizatr01.jpg
23,23,Darrell Arthur,arthuda01,https://d2cwpp38twqe55.cloudfront.net/req/202003231/images/players/arthuda01.jpg
24,24,Ömer Aşık,asikom01,https://d2cwpp38twqe55.cloudfront.net/req/202003231/images/players/asikom01.jpg
25,25,D.J. Augustin,augusdj01,https://d2cwpp38twqe55.cloudfront.net/req/202003231/images/players/augusdj01.jpg
26,26,Luke Babbitt,babbilu01,https://d2cwpp38twqe55.cloudfront.net/req/202003231/images/players/babbilu01.jpg
27,27,Ron Baker,bakerro01,https://d2cwpp38twqe55.cloudfront.net/req/202003231/images/players/bakerro01.jpg
28,28,Wade Baldwin,baldwwa01,https://d2cwpp38twqe55.cloudfront.net/req/202003231/images/players/baldwwa01.jpg
29,29,Leandro Barbosa,barbole01,https://d2cwpp38twqe55.cloudfront.net/req/202003231/images/players/barbole01.jpg
30,30,J.J. Barea,bareajo01,https://d2cwpp38twqe55.cloudfront.net/req/202003231/images/players/bareajo01.jpg
31,31,Harrison Barnes,barneha02,https://d2cwpp38twqe55.cloudfront.net/req/202003231/images/players/barneha02.jpg
32,32,Matt Barnes,barnema02,https://d2cwpp38twqe55.cloudfront.net/req/202003231/images/players/barnema02.jpg
33,33,Matt Barnes,barnema02,https://d2cwpp38twqe55.cloudfront.net/req/202003231/images/players/barnema02.jpg
34,34,Matt Barnes,barnema02,https://d2cwpp38twqe55.cloudfront.net/req/202003231/images/players/barnema02.jpg
35,35,Will Barton,bartowi01,https://d2cwpp38twqe55.cloudfront.net/req/202003231/images/players/bartowi01.jpg
36,36,Brandon Bass,bassbr01,https://d2cwpp38twqe55.cloudfront.net/req/202003231/images/players/bassbr01.jpg
37,37,Nicolas Batum,batumni01,https://d2cwpp38twqe55.cloudfront.net/req/202003231/images/players/batumni01.jpg
38,38,Jerryd Bayless,bayleje01,https://d2cwpp38twqe55.cloudfront.net/req/202003231/images/players/bayleje01.jpg
39,39,Aron Baynes,baynear01,https://d2cwpp38twqe55.cloudfront.net/req/202003231/images/players/baynear01.jpg
40,40,Kent Bazemore,bazemke01,https://d2cwpp38twqe55.cloudfront.net/req/202003231/images/players/bazemke01.jpg
41,41,Bradley Beal,bealbr01,https://d2cwpp38twqe55.cloudfront.net/req/202003231/images/players/bealbr01.jpg
42,42,Malik Beasley,beaslma01,https://d2cwpp38twqe55.cloudfront.net/req/202003231/images/players/beaslma01.jpg
43,43,Michael Beasley,beaslmi01,https://d2cwpp38twqe55.cloudfront.net/req/202003231/images/players/beaslmi01.jpg
44,44,Marco Belinelli,belinma01,https://d2cwpp38twqe55.cloudfront.net/req/202003231/images/players/belinma01.jpg
45,45,DeAndre' Bembry,bembrde01,https://d2cwpp38twqe55.cloudfront.net/req/202003231/images/players/bembrde01.jpg
46,46,Dragan Bender,bendedr01,https://d2cwpp38twqe55.cloudfront.net/req/202003231/images/players/bendedr01.jpg
47,47,Anthony Bennett,bennean01,https://d2cwpp38twqe55.cloudfront.net/req/202003231/images/players/bennean01.jpg
48,48,Ben Bentil,bentibe01,https://d2cwpp38twqe55.cloudfront.net/req/202003231/images/players/bentibe01.jpg
49,49,Dāvis Bertāns,bertada01,https://d2cwpp38twqe55.cloudfront.net/req/202003231/images/players/bertada01.jpg
50,50,Patrick Beverley,beverpa01,https://d2cwpp38twqe55.cloudfront.net/req/202003231/images/players/beverpa01.jpg
51,51,Bismack Biyombo,biyombi01,https://d2cwpp38twqe55.cloudfront.net/req/202003231/images/players/biyombi01.jpg
52,52,Nemanja Bjelica,bjeline01,https://d2cwpp38twqe55.cloudfront.net/req/202003231/images/players/bjeline01.jpg
53,53,Tarik Black,blackta01,https://d2cwpp38twqe55.cloudfront.net/req/202003231/images/players/blackta01.jpg
54,54,Eric Bledsoe,bledser01,https://d2cwpp38twqe55.cloudfront.net/req/202003231/images/players/bledser01.jpg
55,55,Bojan Bogdanović,bogdabo02,https://d2cwpp38twqe55.cloudfront.net/req/202003231/images/players/bogdabo02.jpg
56,56,Bojan Bogdanović,bogdabo02,https://d2cwpp38twqe55.cloudfront.net/req/202003231/images/players/bogdabo02.jpg
57,57,Bojan Bogdanović,bogdabo02,https://d2cwpp38twqe55.cloudfront.net/req/202003231/images/players/bogdabo02.jpg
58,58,Andrew Bogut,bogutan01,https://d2cwpp38twqe55.cloudfront.net/req/202003231/images/players/bogutan01.jpg
59,59,Andrew Bogut,bogutan01,https://d2cwpp38twqe55.cloudfront.net/req/202003231/images/players/bogutan01.jpg
60,60,Andrew Bogut,bogutan01,https://d2cwpp38twqe55.cloudfront.net/req/202003231/images/players/bogutan01.jpg
61,61,Joel Bolomboy,bolomjo01,https://d2cwpp38twqe55.cloudfront.net/req/202003231/images/players/bolomjo01.jpg
62,62,Devin Booker,bookede01,https://d2cwpp38twqe55.cloudfront.net/req/202003231/images/players/bookede01.jpg
63,63,Trevor Booker,booketr01,https://d2cwpp38twqe55.cloudfront.net/req/202003231/images/players/booketr01.jpg
64,64,Avery Bradley,bradlav01,https://d2cwpp38twqe55.cloudfront.net/req/202003231/images/players/bradlav01.jpg
65,65,Corey Brewer,breweco01,https://d2cwpp38twqe55.cloudfront.net/req/202003231/images/players/breweco01.jpg
66,66,Corey Brewer,breweco01,https://d2cwpp38twqe55.cloudfront.net/req/202003231/images/players/breweco01.jpg
67,67,Corey Brewer,breweco01,https://d2cwpp38twqe55.cloudfront.net/req/202003231/images/players/breweco01.jpg
68,68,Malcolm Brogdon,brogdma01,https://d2cwpp38twqe55.cloudfront.net/req/202003231/images/players/brogdma01.jpg
69,69,Aaron Brooks,brookaa01,https://d2cwpp38twqe55.cloudfront.net/req/202003231/images/players/brookaa01.jpg
70,70,Anthony Brown,brownan02,https://d2cwpp38twqe55.cloudfront.net/req/202003231/images/players/brownan02.jpg
71,71,Anthony Brown,brownan02,https://d2cwpp38twqe55.cloudfront.net/req/202003231/images/players/brownan02.jpg
72,72,Anthony Brown,brownan02,https://d2cwpp38twqe55.cloudfront.net/req/202003231/images/players/brownan02.jpg
73,73,Bobby Brown,brownbo02,https://d2cwpp38twqe55.cloudfront.net/req/202003231/images/players/brownbo02.jpg
74,74,Jaylen Brown,brownja02,https://d2cwpp38twqe55.cloudfront.net/req/202003231/images/players/brownja02.jpg
75,75,Nicolás Brussino,brussni01,https://d2cwpp38twqe55.cloudfront.net/req/202003231/images/players/brussni01.jpg
76,76,Reggie Bullock,bullore01,https://d2cwpp38twqe55.cloudfront.net/req/202003231/images/players/bullore01.jpg
77,77,Trey Burke,burketr01,https://d2cwpp38twqe55.cloudfront.net/req/202003231/images/players/burketr01.jpg
78,78,Alec Burks,burksal01,https://d2cwpp38twqe55.cloudfront.net/req/202003231/images/players/burksal01.jpg
79,79,Jimmy Butler,butleji01,https://d2cwpp38twqe55.cloudfront.net/req/202003231/images/players/butleji01.jpg
80,80,Bruno Caboclo,cabocbr01,https://d2cwpp38twqe55.cloudfront.net/req/202003231/images/players/cabocbr01.jpg
81,81,José Calderón,caldejo01,https://d2cwpp38twqe55.cloudfront.net/req/202003231/images/players/caldejo01.jpg
82,82,José Calderón,caldejo01,https://d2cwpp38twqe55.cloudfront.net/req/202003231/images/players/caldejo01.jpg
83,83,José Calderón,caldejo01,https://d2cwpp38twqe55.cloudfront.net/req/202003231/images/players/caldejo01.jpg
84,84,Kentavious Caldwell-Pope,caldwke01,https://d2cwpp38twqe55.cloudfront.net/req/202003231/images/players/caldwke01.jpg
85,85,Isaiah Canaan,canaais01,https://d2cwpp38twqe55.cloudfront.net/req/202003231/images/players/canaais01.jpg
86,86,Clint Capela,capelca01,https://d2cwpp38twqe55.cloudfront.net/req/202003231/images/players/capelca01.jpg
87,87,DeMarre Carroll,carrode01,https://d2cwpp38twqe55.cloudfront.net/req/202003231/images/players/carrode01.jpg
88,88,Vince Carter,cartevi01,https://d2cwpp38twqe55.cloudfront.net/req/202003231/images/players/cartevi01.jpg
89,89,Michael Carter-Williams,cartemi01,https://d2cwpp38twqe55.cloudfront.net/req/202003231/images/players/cartemi01.jpg
90,90,Omri Casspi,casspom01,https://d2cwpp38twqe55.cloudfront.net/req/202003231/images/players/casspom01.jpg
91,91,Omri Casspi,casspom01,https://d2cwpp38twqe55.cloudfront.net/req/202003231/images/players/casspom01.jpg
92,92,Omri Casspi,casspom01,https://d2cwpp38twqe55.cloudfront.net/req/202003231/images/players/casspom01.jpg
93,93,Omri Casspi,casspom01,https://d2cwpp38twqe55.cloudfront.net/req/202003231/images/players/casspom01.jpg
94,94,Willie Cauley-Stein,caulewi01,https://d2cwpp38twqe55.cloudfront.net/req/202003231/images/players/caulewi01.jpg
95,95,Tyson Chandler,chandty01,https://d2cwpp38twqe55.cloudfront.net/req/202003231/images/players/chandty01.jpg
96,96,Wilson Chandler,chandwi01,https://d2cwpp38twqe55.cloudfront.net/req/202003231/images/players/chandwi01.jpg
97,97,Marquese Chriss,chrisma01,https://d2cwpp38twqe55.cloudfront.net/req/202003231/images/players/chrisma01.jpg
98,98,Rakeem Christmas,chrisra01,https://d2cwpp38twqe55.cloudfront.net/req/202003231/images/players/chrisra01.jpg
99,99,Semaj Christon,chrisse01,https://d2cwpp38twqe55.cloudfront.net/req/202003231/images/players/chrisse01.jpg
100,100,Ian Clark,clarkia01,https://d2cwpp38twqe55.cloudfront.net/req/202003231/images/players/clarkia01.jpg
101,101,Jordan Clarkson,clarkjo01,https://d2cwpp38twqe55.cloudfront.net/req/202003231/images/players/clarkjo01.jpg
102,102,Norris Cole,coleno01,https://d2cwpp38twqe55.cloudfront.net/req/202003231/images/players/coleno01.jpg
103,103,Darren Collison,collida01,https://d2cwpp38twqe55.cloudfront.net/req/202003231/images/players/collida01.jpg
104,104,Nick Collison,collini01,https://d2cwpp38twqe55.cloudfront.net/req/202003231/images/players/collini01.jpg
105,105,Mike Conley,conlemi01,https://d2cwpp38twqe55.cloudfront.net/req/202003231/images/players/conlemi01.jpg
106,106,Pat Connaughton,connapa01,https://d2cwpp38twqe55.cloudfront.net/req/202003231/images/players/connapa01.jpg
107,107,Quinn Cook,cookqu01,https://d2cwpp38twqe55.cloudfront.net/req/202003231/images/players/cookqu01.jpg
108,108,Quinn Cook,cookqu01,https://d2cwpp38twqe55.cloudfront.net/req/202003231/images/players/cookqu01.jpg
109,109,Quinn Cook,cookqu01,https://d2cwpp38twqe55.cloudfront.net/req/202003231/images/players/cookqu01.jpg
110,110,DeMarcus Cousins,couside01,https://d2cwpp38twqe55.cloudfront.net/req/202003231/images/players/couside01.jpg
111,111,DeMarcus Cousins,couside01,https://d2cwpp38twqe55.cloudfront.net/req/202003231/images/players/couside01.jpg
112,112,DeMarcus Cousins,couside01,https://d2cwpp38twqe55.cloudfront.net/req/202003231/images/players/couside01.jpg
113,113,Robert Covington,covinro01,https://d2cwpp38twqe55.cloudfront.net/req/202003231/images/players/covinro01.jpg
114,114,Allen Crabbe,crabbal01,https://d2cwpp38twqe55.cloudfront.net/req/202003231/images/players/crabbal01.jpg
115,115,Jamal Crawford,crawfja01,https://d2cwpp38twqe55.cloudfront.net/req/202003231/images/players/crawfja01.jpg
116,116,Jordan Crawford,crawfjo02,https://d2cwpp38twqe55.cloudfront.net/req/202003231/images/players/crawfjo02.jpg
117,117,Jae Crowder,crowdja01,https://d2cwpp38twqe55.cloudfront.net/req/202003231/images/players/crowdja01.jpg
118,118,Dante Cunningham,cunnida01,https://d2cwpp38twqe55.cloudfront.net/req/202003231/images/players/cunnida01.jpg
119,119,Seth Curry,curryse01,https://d2cwpp38twqe55.cloudfront.net/req/202003231/images/players/curryse01.jpg
120,120,Stephen Curry,curryst01,https://d2cwpp38twqe55.cloudfront.net/req/202003231/images/players/curryst01.jpg
121,121,Troy Daniels,danietr01,https://d2cwpp38twqe55.cloudfront.net/req/202003231/images/players/danietr01.jpg
122,122,Anthony Davis,davisan02,https://d2cwpp38twqe55.cloudfront.net/req/202003231/images/players/davisan02.jpg
123,123,Deyonta Davis,davisde01,https://d2cwpp38twqe55.cloudfront.net/req/202003231/images/players/davisde01.jpg
124,124,Ed Davis,davised01,https://d2cwpp38twqe55.cloudfront.net/req/202003231/images/players/davised01.jpg
125,125,Dewayne Dedmon,dedmode01,https://d2cwpp38twqe55.cloudfront.net/req/202003231/images/players/dedmode01.jpg
126,126,Sam Dekker,dekkesa01,https://d2cwpp38twqe55.cloudfront.net/req/202003231/images/players/dekkesa01.jpg
127,127,Malcolm Delaney,delanma01,https://d2cwpp38twqe55.cloudfront.net/req/202003231/images/players/delanma01.jpg
128,128,Matthew Dellavedova,dellama01,https://d2cwpp38twqe55.cloudfront.net/req/202003231/images/players/dellama01.jpg
129,129,Luol Deng,denglu01,https://d2cwpp38twqe55.cloudfront.net/req/202003231/images/players/denglu01.jpg
130,130,DeMar DeRozan,derozde01,https://d2cwpp38twqe55.cloudfront.net/req/202003231/images/players/derozde01.jpg
131,131,Cheick Diallo,diallch01,https://d2cwpp38twqe55.cloudfront.net/req/202003231/images/players/diallch01.jpg
132,132,Boris Diaw,diawbo01,https://d2cwpp38twqe55.cloudfront.net/req/202003231/images/players/diawbo01.jpg
133,133,Gorgui Dieng,dienggo01,https://d2cwpp38twqe55.cloudfront.net/req/202003231/images/players/dienggo01.jpg
134,134,Spencer Dinwiddie,dinwisp01,https://d2cwpp38twqe55.cloudfront.net/req/202003231/images/players/dinwisp01.jpg
135,135,Toney Douglas,douglto01,https://d2cwpp38twqe55.cloudfront.net/req/202003231/images/players/douglto01.jpg
136,136,Goran Dragić,dragigo01,https://d2cwpp38twqe55.cloudfront.net/req/202003231/images/players/dragigo01.jpg
137,137,Andre Drummond,drumman01,https://d2cwpp38twqe55.cloudfront.net/req/202003231/images/players/drumman01.jpg
138,138,Jared Dudley,dudleja01,https://d2cwpp38twqe55.cloudfront.net/req/202003231/images/players/dudleja01.jpg
139,139,Mike Dunleavy,dunlemi02,https://d2cwpp38twqe55.cloudfront.net/req/202003231/images/players/dunlemi02.jpg
140,140,Mike Dunleavy,dunlemi02,https://d2cwpp38twqe55.cloudfront.net/req/202003231/images/players/dunlemi02.jpg
141,141,Mike Dunleavy,dunlemi02,https://d2cwpp38twqe55.cloudfront.net/req/202003231/images/players/dunlemi02.jpg
142,142,Kris Dunn,dunnkr01,https://d2cwpp38twqe55.cloudfront.net/req/202003231/images/players/dunnkr01.jpg
143,143,Kevin Durant,duranke01,https://d2cwpp38twqe55.cloudfront.net/req/202003231/images/players/duranke01.jpg
144,144,Jarell Eddie,eddieja01,https://d2cwpp38twqe55.cloudfront.net/req/202003231/images/players/eddieja01.jpg
145,145,Henry Ellenson,ellenhe01,https://d2cwpp38twqe55.cloudfront.net/req/202003231/images/players/ellenhe01.jpg
146,146,Wayne Ellington,ellinwa01,https://d2cwpp38twqe55.cloudfront.net/req/202003231/images/players/ellinwa01.jpg
147,147,Monta Ellis,ellismo01,https://d2cwpp38twqe55.cloudfront.net/req/202003231/images/players/ellismo01.jpg
148,148,Joel Embiid,embiijo01,https://d2cwpp38twqe55.cloudfront.net/req/202003231/images/players/embiijo01.jpg
149,149,James Ennis,ennisja01,https://d2cwpp38twqe55.cloudfront.net/req/202003231/images/players/ennisja01.jpg
150,150,Tyler Ennis,ennisty01,https://d2cwpp38twqe55.cloudfront.net/req/202003231/images/players/ennisty01.jpg
151,151,Tyler Ennis,ennisty01,https://d2cwpp38twqe55.cloudfront.net/req/202003231/images/players/ennisty01.jpg
152,152,Tyler Ennis,ennisty01,https://d2cwpp38twqe55.cloudfront.net/req/202003231/images/players/ennisty01.jpg
153,153,Tyreke Evans,evansty01,https://d2cwpp38twqe55.cloudfront.net/req/202003231/images/players/evansty01.jpg
154,154,Tyreke Evans,evansty01,https://d2cwpp38twqe55.cloudfront.net/req/202003231/images/players/evansty01.jpg
155,155,Tyreke Evans,evansty01,https://d2cwpp38twqe55.cloudfront.net/req/202003231/images/players/evansty01.jpg
156,156,Dante Exum,exumda01,https://d2cwpp38twqe55.cloudfront.net/req/202003231/images/players/exumda01.jpg
157,157,Kenneth Faried,farieke01,https://d2cwpp38twqe55.cloudfront.net/req/202003231/images/players/farieke01.jpg
158,158,Jordan Farmar,farmajo01,https://d2cwpp38twqe55.cloudfront.net/req/202003231/images/players/farmajo01.jpg
159,159,Derrick Favors,favorde01,https://d2cwpp38twqe55.cloudfront.net/req/202003231/images/players/favorde01.jpg
160,160,Kay Felder,feldeka01,https://d2cwpp38twqe55.cloudfront.net/req/202003231/images/players/feldeka01.jpg
161,161,Cristiano Felício,feliccr01,https://d2cwpp38twqe55.cloudfront.net/req/202003231/images/players/feliccr01.jpg
162,162,Raymond Felton,feltora01,https://d2cwpp38twqe55.cloudfront.net/req/202003231/images/players/feltora01.jpg
163,163,Yogi Ferrell,ferreyo01,https://d2cwpp38twqe55.cloudfront.net/req/202003231/images/players/ferreyo01.jpg
164,164,Yogi Ferrell,ferreyo01,https://d2cwpp38twqe55.cloudfront.net/req/202003231/images/players/ferreyo01.jpg
165,165,Yogi Ferrell,ferreyo01,https://d2cwpp38twqe55.cloudfront.net/req/202003231/images/players/ferreyo01.jpg
166,166,Dorian Finney-Smith,finnedo01,https://d2cwpp38twqe55.cloudfront.net/req/202003231/images/players/finnedo01.jpg
167,167,Bryn Forbes,forbebr01,https://d2cwpp38twqe55.cloudfront.net/req/202003231/images/players/forbebr01.jpg
168,168,Evan Fournier,fournev01,https://d2cwpp38twqe55.cloudfront.net/req/202003231/images/players/fournev01.jpg
169,169,Randy Foye,foyera01,https://d2cwpp38twqe55.cloudfront.net/req/202003231/images/players/foyera01.jpg
170,170,Tim Frazier,fraziti01,https://d2cwpp38twqe55.cloudfront.net/req/202003231/images/players/fraziti01.jpg
171,171,Channing Frye,fryech01,https://d2cwpp38twqe55.cloudfront.net/req/202003231/images/players/fryech01.jpg
172,172,Danilo Gallinari,gallida01,https://d2cwpp38twqe55.cloudfront.net/req/202003231/images/players/gallida01.jpg
173,173,Langston Galloway,gallola01,https://d2cwpp38twqe55.cloudfront.net/req/202003231/images/players/gallola01.jpg
174,174,Langston Galloway,gallola01,https://d2cwpp38twqe55.cloudfront.net/req/202003231/images/players/gallola01.jpg
175,175,Langston Galloway,gallola01,https://d2cwpp38twqe55.cloudfront.net/req/202003231/images/players/gallola01.jpg
176,176,Patricio Garino,garinpa01,https://d2cwpp38twqe55.cloudfront.net/req/202003231/images/players/garinpa01.jpg
177,177,Marc Gasol,gasolma01,https://d2cwpp38twqe55.cloudfront.net/req/202003231/images/players/gasolma01.jpg
178,178,Pau Gasol,gasolpa01,https://d2cwpp38twqe55.cloudfront.net/req/202003231/images/players/gasolpa01.jpg
179,179,Rudy Gay,gayru01,https://d2cwpp38twqe55.cloudfront.net/req/202003231/images/players/gayru01.jpg
180,180,Michael Gbinije,gbinimi01,https://d2cwpp38twqe55.cloudfront.net/req/202003231/images/players/gbinimi01.jpg
181,181,Alonzo Gee,geeal01,https://d2cwpp38twqe55.cloudfront.net/req/202003231/images/players/geeal01.jpg
182,182,Paul George,georgpa01,https://d2cwpp38twqe55.cloudfront.net/req/202003231/images/players/georgpa01.jpg
183,183,Marcus Georges-Hunt,georgma01,https://d2cwpp38twqe55.cloudfront.net/req/202003231/images/players/georgma01.jpg
184,184,Jonathan Gibson,gibsojo01,https://d2cwpp38twqe55.cloudfront.net/req/202003231/images/players/gibsojo01.jpg
185,185,Taj Gibson,gibsota01,https://d2cwpp38twqe55.cloudfront.net/req/202003231/images/players/gibsota01.jpg
186,186,Taj Gibson,gibsota01,https://d2cwpp38twqe55.cloudfront.net/req/202003231/images/players/gibsota01.jpg
187,187,Taj Gibson,gibsota01,https://d2cwpp38twqe55.cloudfront.net/req/202003231/images/players/gibsota01.jpg
188,188,Manu Ginóbili,ginobma01,https://d2cwpp38twqe55.cloudfront.net/req/202003231/images/players/ginobma01.jpg
189,189,Rudy Gobert,goberru01,https://d2cwpp38twqe55.cloudfront.net/req/202003231/images/players/goberru01.jpg
190,190,Archie Goodwin,goodwar01,https://d2cwpp38twqe55.cloudfront.net/req/202003231/images/players/goodwar01.jpg
191,191,Archie Goodwin,goodwar01,https://d2cwpp38twqe55.cloudfront.net/req/202003231/images/players/goodwar01.jpg
192,192,Archie Goodwin,goodwar01,https://d2cwpp38twqe55.cloudfront.net/req/202003231/images/players/goodwar01.jpg
193,193,Aaron Gordon,gordoaa01,https://d2cwpp38twqe55.cloudfront.net/req/202003231/images/players/gordoaa01.jpg
194,194,Eric Gordon,gordoer01,https://d2cwpp38twqe55.cloudfront.net/req/202003231/images/players/gordoer01.jpg
195,195,Marcin Gortat,gortama01,https://d2cwpp38twqe55.cloudfront.net/req/202003231/images/players/gortama01.jpg
196,196,Treveon Graham,grahatr01,https://d2cwpp38twqe55.cloudfront.net/req/202003231/images/players/grahatr01.jpg
197,197,Jerami Grant,grantje01,https://d2cwpp38twqe55.cloudfront.net/req/202003231/images/players/grantje01.jpg
198,198,Jerami Grant,grantje01,https://d2cwpp38twqe55.cloudfront.net/req/202003231/images/players/grantje01.jpg
199,199,Jerami Grant,grantje01,https://d2cwpp38twqe55.cloudfront.net/req/202003231/images/players/grantje01.jpg
200,200,Jerian Grant,grantje02,https://d2cwpp38twqe55.cloudfront.net/req/202003231/images/players/grantje02.jpg
201,201,Danny Green,greenda02,https://d2cwpp38twqe55.cloudfront.net/req/202003231/images/players/greenda02.jpg
202,202,Draymond Green,greendr01,https://d2cwpp38twqe55.cloudfront.net/req/202003231/images/players/greendr01.jpg
203,203,Gerald Green,greenge01,https://d2cwpp38twqe55.cloudfront.net/req/202003231/images/players/greenge01.jpg
204,204,JaMychal Green,greenja01,https://d2cwpp38twqe55.cloudfront.net/req/202003231/images/players/greenja01.jpg
205,205,Jeff Green,greenje02,https://d2cwpp38twqe55.cloudfront.net/req/202003231/images/players/greenje02.jpg
206,206,Blake Griffin,griffbl01,https://d2cwpp38twqe55.cloudfront.net/req/202003231/images/players/griffbl01.jpg
207,207,Justin Hamilton,hamilju01,https://d2cwpp38twqe55.cloudfront.net/req/202003231/images/players/hamilju01.jpg
208,208,A.J. Hammons,hammoaj01,https://d2cwpp38twqe55.cloudfront.net/req/202003231/images/players/hammoaj01.jpg
209,209,Tim Hardaway Jr.,hardati02,https://d2cwpp38twqe55.cloudfront.net/req/202003231/images/players/hardati02.jpg
210,210,James Harden,hardeja01,https://d2cwpp38twqe55.cloudfront.net/req/202003231/images/players/hardeja01.jpg
211,211,Maurice Harkless,harklma01,https://d2cwpp38twqe55.cloudfront.net/req/202003231/images/players/harklma01.jpg
212,212,Justin Harper,harpeju01,https://d2cwpp38twqe55.cloudfront.net/req/202003231/images/players/harpeju01.jpg
213,213,Montrezl Harrell,harremo01,https://d2cwpp38twqe55.cloudfront.net/req/202003231/images/players/harremo01.jpg
214,214,Devin Harris,harride01,https://d2cwpp38twqe55.cloudfront.net/req/202003231/images/players/harride01.jpg
215,215,Gary Harris,harriga01,https://d2cwpp38twqe55.cloudfront.net/req/202003231/images/players/harriga01.jpg
216,216,Joe Harris,harrijo01,https://d2cwpp38twqe55.cloudfront.net/req/202003231/images/players/harrijo01.jpg
217,217,Manny Harris,harrima01,https://d2cwpp38twqe55.cloudfront.net/req/202003231/images/players/harrima01.jpg
218,218,Tobias Harris,harrito02,https://d2cwpp38twqe55.cloudfront.net/req/202003231/images/players/harrito02.jpg
219,219,Aaron Harrison,harriaa01,https://d2cwpp38twqe55.cloudfront.net/req/202003231/images/players/harriaa01.jpg
220,220,Andrew Harrison,harrian01,https://d2cwpp38twqe55.cloudfront.net/req/202003231/images/players/harrian01.jpg
221,221,Udonis Haslem,hasleud01,https://d2cwpp38twqe55.cloudfront.net/req/202003231/images/players/hasleud01.jpg
222,222,Spencer Hawes,hawessp01,https://d2cwpp38twqe55.cloudfront.net/req/202003231/images/players/hawessp01.jpg
223,223,Spencer Hawes,hawessp01,https://d2cwpp38twqe55.cloudfront.net/req/202003231/images/players/hawessp01.jpg
224,224,Spencer Hawes,hawessp01,https://d2cwpp38twqe55.cloudfront.net/req/202003231/images/players/hawessp01.jpg
225,225,Gordon Hayward,haywago01,https://d2cwpp38twqe55.cloudfront.net/req/202003231/images/players/haywago01.jpg
226,226,Gerald Henderson,hendege02,https://d2cwpp38twqe55.cloudfront.net/req/202003231/images/players/hendege02.jpg
227,227,John Henson,hensojo01,https://d2cwpp38twqe55.cloudfront.net/req/202003231/images/players/hensojo01.jpg
228,228,Juan Hernangómez,hernaju01,https://d2cwpp38twqe55.cloudfront.net/req/202003231/images/players/hernaju01.jpg
229,229,Willy Hernangómez,hernawi01,https://d2cwpp38twqe55.cloudfront.net/req/202003231/images/players/hernawi01.jpg
230,230,Mario Hezonja,hezonma01,https://d2cwpp38twqe55.cloudfront.net/req/202003231/images/players/hezonma01.jpg
231,231,Roy Hibbert,hibbero01,https://d2cwpp38twqe55.cloudfront.net/req/202003231/images/players/hibbero01.jpg
232,232,Roy Hibbert,hibbero01,https://d2cwpp38twqe55.cloudfront.net/req/202003231/images/players/hibbero01.jpg
233,233,Roy Hibbert,hibbero01,https://d2cwpp38twqe55.cloudfront.net/req/202003231/images/players/hibbero01.jpg
234,234,Buddy Hield,hieldbu01,https://d2cwpp38twqe55.cloudfront.net/req/202003231/images/players/hieldbu01.jpg
235,235,Buddy Hield,hieldbu01,https://d2cwpp38twqe55.cloudfront.net/req/202003231/images/players/hieldbu01.jpg
236,236,Buddy Hield,hieldbu01,https://d2cwpp38twqe55.cloudfront.net/req/202003231/images/players/hieldbu01.jpg
237,237,Nenê,hilarne01,https://d2cwpp38twqe55.cloudfront.net/req/202003231/images/players/hilarne01.jpg
238,238,George Hill,hillge01,https://d2cwpp38twqe55.cloudfront.net/req/202003231/images/players/hillge01.jpg
239,239,Jordan Hill,hilljo01,https://d2cwpp38twqe55.cloudfront.net/req/202003231/images/players/hilljo01.jpg
240,240,Solomon Hill,hillso01,https://d2cwpp38twqe55.cloudfront.net/req/202003231/images/players/hillso01.jpg
241,241,Darrun Hilliard,hillida01,https://d2cwpp38twqe55.cloudfront.net/req/202003231/images/players/hillida01.jpg
242,242,Jrue Holiday,holidjr01,https://d2cwpp38twqe55.cloudfront.net/req/202003231/images/players/holidjr01.jpg
243,243,Justin Holiday,holidju01,https://d2cwpp38twqe55.cloudfront.net/req/202003231/images/players/holidju01.jpg
244,244,Rondae Hollis-Jefferson,holliro01,https://d2cwpp38twqe55.cloudfront.net/req/202003231/images/players/holliro01.jpg
245,245,Richaun Holmes,holmeri01,https://d2cwpp38twqe55.cloudfront.net/req/202003231/images/players/holmeri01.jpg
246,246,Rodney Hood,hoodro01,https://d2cwpp38twqe55.cloudfront.net/req/202003231/images/players/hoodro01.jpg
247,247,Al Horford,horfoal01,https://d2cwpp38twqe55.cloudfront.net/req/202003231/images/players/horfoal01.jpg
248,248,Danuel House,houseda01,https://d2cwpp38twqe55.cloudfront.net/req/202003231/images/players/houseda01.jpg
249,249,Dwight Howard,howardw01,https://d2cwpp38twqe55.cloudfront.net/req/202003231/images/players/howardw01.jpg
250,250,Marcelo Huertas,huertma01,https://d2cwpp38twqe55.cloudfront.net/req/202003231/images/players/huertma01.jpg
251,251,Josh Huestis,huestjo01,https://d2cwpp38twqe55.cloudfront.net/req/202003231/images/players/huestjo01.jpg
252,252,Kris Humphries,humphkr01,https://d2cwpp38twqe55.cloudfront.net/req/202003231/images/players/humphkr01.jpg
253,253,R.J. Hunter,hunterj01,https://d2cwpp38twqe55.cloudfront.net/req/202003231/images/players/hunterj01.jpg
254,254,Serge Ibaka,ibakase01,https://d2cwpp38twqe55.cloudfront.net/req/202003231/images/players/ibakase01.jpg
255,255,Serge Ibaka,ibakase01,https://d2cwpp38twqe55.cloudfront.net/req/202003231/images/players/ibakase01.jpg
256,256,Serge Ibaka,ibakase01,https://d2cwpp38twqe55.cloudfront.net/req/202003231/images/players/ibakase01.jpg
257,257,Andre Iguodala,iguodan01,https://d2cwpp38twqe55.cloudfront.net/req/202003231/images/players/iguodan01.jpg
258,258,Ersan İlyasova,ilyaser01,https://d2cwpp38twqe55.cloudfront.net/req/202003231/images/players/ilyaser01.jpg
259,259,Ersan İlyasova,ilyaser01,https://d2cwpp38twqe55.cloudfront.net/req/202003231/images/players/ilyaser01.jpg
260,260,Ersan İlyasova,ilyaser01,https://d2cwpp38twqe55.cloudfront.net/req/202003231/images/players/ilyaser01.jpg
261,261,Ersan İlyasova,ilyaser01,https://d2cwpp38twqe55.cloudfront.net/req/202003231/images/players/ilyaser01.jpg
262,262,Joe Ingles,inglejo01,https://d2cwpp38twqe55.cloudfront.net/req/202003231/images/players/inglejo01.jpg
263,263,Brandon Ingram,ingrabr01,https://d2cwpp38twqe55.cloudfront.net/req/202003231/images/players/ingrabr01.jpg
264,264,Kyrie Irving,irvinky01,https://d2cwpp38twqe55.cloudfront.net/req/202003231/images/players/irvinky01.jpg
265,265,Jarrett Jack,jackja01,https://d2cwpp38twqe55.cloudfront.net/req/202003231/images/players/jackja01.jpg
266,266,Demetrius Jackson,jacksde01,https://d2cwpp38twqe55.cloudfront.net/req/202003231/images/players/jacksde01.jpg
267,267,Pierre Jackson,jackspi01,https://d2cwpp38twqe55.cloudfront.net/req/202003231/images/players/jackspi01.jpg
268,268,Reggie Jackson,jacksre01,https://d2cwpp38twqe55.cloudfront.net/req/202003231/images/players/jacksre01.jpg
269,269,LeBron James,jamesle01,https://d2cwpp38twqe55.cloudfront.net/req/202003231/images/players/jamesle01.jpg
270,270,Al Jefferson,jeffeal01,https://d2cwpp38twqe55.cloudfront.net/req/202003231/images/players/jeffeal01.jpg
271,271,Richard Jefferson,jefferi01,https://d2cwpp38twqe55.cloudfront.net/req/202003231/images/players/jefferi01.jpg
272,272,John Jenkins,jenkijo01,https://d2cwpp38twqe55.cloudfront.net/req/202003231/images/players/jenkijo01.jpg
273,273,Brandon Jennings,jennibr01,https://d2cwpp38twqe55.cloudfront.net/req/202003231/images/players/jennibr01.jpg
274,274,Brandon Jennings,jennibr01,https://d2cwpp38twqe55.cloudfront.net/req/202003231/images/players/jennibr01.jpg
275,275,Brandon Jennings,jennibr01,https://d2cwpp38twqe55.cloudfront.net/req/202003231/images/players/jennibr01.jpg
276,276,Jonas Jerebko,jerebjo01,https://d2cwpp38twqe55.cloudfront.net/req/202003231/images/players/jerebjo01.jpg
277,277,Amir Johnson,johnsam01,https://d2cwpp38twqe55.cloudfront.net/req/202003231/images/players/johnsam01.jpg
278,278,Brice Johnson,johnsbr02,https://d2cwpp38twqe55.cloudfront.net/req/202003231/images/players/johnsbr02.jpg
279,279,James Johnson,johnsja01,https://d2cwpp38twqe55.cloudfront.net/req/202003231/images/players/johnsja01.jpg
280,280,Joe Johnson,johnsjo02,https://d2cwpp38twqe55.cloudfront.net/req/202003231/images/players/johnsjo02.jpg
281,281,Stanley Johnson,johnsst04,https://d2cwpp38twqe55.cloudfront.net/req/202003231/images/players/johnsst04.jpg
282,282,Tyler Johnson,johnsty01,https://d2cwpp38twqe55.cloudfront.net/req/202003231/images/players/johnsty01.jpg
283,283,Wesley Johnson,johnswe01,https://d2cwpp38twqe55.cloudfront.net/req/202003231/images/players/johnswe01.jpg
284,284,Nikola Jokić,jokicni01,https://d2cwpp38twqe55.cloudfront.net/req/202003231/images/players/jokicni01.jpg
285,285,Dahntay Jones,jonesda02,https://d2cwpp38twqe55.cloudfront.net/req/202003231/images/players/jonesda02.jpg
286,286,Damian Jones,jonesda03,https://d2cwpp38twqe55.cloudfront.net/req/202003231/images/players/jonesda03.jpg
287,287,Derrick Jones Jr.,jonesde02,https://d2cwpp38twqe55.cloudfront.net/req/202003231/images/players/jonesde02.jpg
288,288,James Jones,jonesja02,https://d2cwpp38twqe55.cloudfront.net/req/202003231/images/players/jonesja02.jpg
289,289,Terrence Jones,joneste01,https://d2cwpp38twqe55.cloudfront.net/req/202003231/images/players/joneste01.jpg
290,290,Terrence Jones,joneste01,https://d2cwpp38twqe55.cloudfront.net/req/202003231/images/players/joneste01.jpg
291,291,Terrence Jones,joneste01,https://d2cwpp38twqe55.cloudfront.net/req/202003231/images/players/joneste01.jpg
292,292,Tyus Jones,jonesty01,https://d2cwpp38twqe55.cloudfront.net/req/202003231/images/players/jonesty01.jpg
293,293,DeAndre Jordan,jordade01,https://d2cwpp38twqe55.cloudfront.net/req/202003231/images/players/jordade01.jpg
294,294,Cory Joseph,josepco01,https://d2cwpp38twqe55.cloudfront.net/req/202003231/images/players/josepco01.jpg
295,295,Frank Kaminsky,kaminfr01,https://d2cwpp38twqe55.cloudfront.net/req/202003231/images/players/kaminfr01.jpg
296,296,Enes Kanter,kanteen01,https://d2cwpp38twqe55.cloudfront.net/req/202003231/images/players/kanteen01.jpg
297,297,Ryan Kelly,kellyry01,https://d2cwpp38twqe55.cloudfront.net/req/202003231/images/players/kellyry01.jpg
298,298,Michael Kidd-Gilchrist,kiddgmi01,https://d2cwpp38twqe55.cloudfront.net/req/202003231/images/players/kiddgmi01.jpg
299,299,Sean Kilpatrick,kilpase01,https://d2cwpp38twqe55.cloudfront.net/req/202003231/images/players/kilpase01.jpg
300,300,Brandon Knight,knighbr03,https://d2cwpp38twqe55.cloudfront.net/req/202003231/images/players/knighbr03.jpg
301,301,Kyle Korver,korveky01,https://d2cwpp38twqe55.cloudfront.net/req/202003231/images/players/korveky01.jpg
302,302,Kyle Korver,korveky01,https://d2cwpp38twqe55.cloudfront.net/req/202003231/images/players/korveky01.jpg
303,303,Kyle Korver,korveky01,https://d2cwpp38twqe55.cloudfront.net/req/202003231/images/players/korveky01.jpg
304,304,Kosta Koufos,koufoko01,https://d2cwpp38twqe55.cloudfront.net/req/202003231/images/players/koufoko01.jpg
305,305,Mindaugas Kuzminskas,kuzmimi01,https://d2cwpp38twqe55.cloudfront.net/req/202003231/images/players/kuzmimi01.jpg
306,306,Skal Labissière,labissk01,https://d2cwpp38twqe55.cloudfront.net/req/202003231/images/players/labissk01.jpg
307,307,Jeremy Lamb,lambje01,https://d2cwpp38twqe55.cloudfront.net/req/202003231/images/players/lambje01.jpg
308,308,Nicolás Laprovíttola,laproni01,https://d2cwpp38twqe55.cloudfront.net/req/202003231/images/players/laproni01.jpg
309,309,Joffrey Lauvergne,lauvejo01,https://d2cwpp38twqe55.cloudfront.net/req/202003231/images/players/lauvejo01.jpg
310,310,Joffrey Lauvergne,lauvejo01,https://d2cwpp38twqe55.cloudfront.net/req/202003231/images/players/lauvejo01.jpg
311,311,Joffrey Lauvergne,lauvejo01,https://d2cwpp38twqe55.cloudfront.net/req/202003231/images/players/lauvejo01.jpg
312,312,Zach LaVine,lavinza01,https://d2cwpp38twqe55.cloudfront.net/req/202003231/images/players/lavinza01.jpg
313,313,Ty Lawson,lawsoty01,https://d2cwpp38twqe55.cloudfront.net/req/202003231/images/players/lawsoty01.jpg
314,314,Jake Layman,laymaja01,https://d2cwpp38twqe55.cloudfront.net/req/202003231/images/players/laymaja01.jpg
315,315,Courtney Lee,leeco01,https://d2cwpp38twqe55.cloudfront.net/req/202003231/images/players/leeco01.jpg
316,316,David Lee,leeda02,https://d2cwpp38twqe55.cloudfront.net/req/202003231/images/players/leeda02.jpg
317,317,Alex Len,lenal01,https://d2cwpp38twqe55.cloudfront.net/req/202003231/images/players/lenal01.jpg
318,318,Kawhi Leonard,leonaka01,https://d2cwpp38twqe55.cloudfront.net/req/202003231/images/players/leonaka01.jpg
319,319,Meyers Leonard,leoname01,https://d2cwpp38twqe55.cloudfront.net/req/202003231/images/players/leoname01.jpg
320,320,Jon Leuer,leuerjo01,https://d2cwpp38twqe55.cloudfront.net/req/202003231/images/players/leuerjo01.jpg
321,321,Caris LeVert,leverca01,https://d2cwpp38twqe55.cloudfront.net/req/202003231/images/players/leverca01.jpg
322,322,DeAndre Liggins,liggide01,https://d2cwpp38twqe55.cloudfront.net/req/202003231/images/players/liggide01.jpg
323,323,DeAndre Liggins,liggide01,https://d2cwpp38twqe55.cloudfront.net/req/202003231/images/players/liggide01.jpg
324,324,DeAndre Liggins,liggide01,https://d2cwpp38twqe55.cloudfront.net/req/202003231/images/players/liggide01.jpg
325,325,Damian Lillard,lillada01,https://d2cwpp38twqe55.cloudfront.net/req/202003231/images/players/lillada01.jpg
326,326,Jeremy Lin,linje01,https://d2cwpp38twqe55.cloudfront.net/req/202003231/images/players/linje01.jpg
327,327,Shaun Livingston,livinsh01,https://d2cwpp38twqe55.cloudfront.net/req/202003231/images/players/livinsh01.jpg
328,328,Shawn Long,longsh01,https://d2cwpp38twqe55.cloudfront.net/req/202003231/images/players/longsh01.jpg
329,329,Kevon Looney,looneke01,https://d2cwpp38twqe55.cloudfront.net/req/202003231/images/players/looneke01.jpg
330,330,Brook Lopez,lopezbr01,https://d2cwpp38twqe55.cloudfront.net/req/202003231/images/players/lopezbr01.jpg
331,331,Robin Lopez,lopezro01,https://d2cwpp38twqe55.cloudfront.net/req/202003231/images/players/lopezro01.jpg
332,332,Kevin Love,loveke01,https://d2cwpp38twqe55.cloudfront.net/req/202003231/images/players/loveke01.jpg
333,333,Kyle Lowry,lowryky01,https://d2cwpp38twqe55.cloudfront.net/req/202003231/images/players/lowryky01.jpg
334,334,John Lucas III,lucasjo02,https://d2cwpp38twqe55.cloudfront.net/req/202003231/images/players/lucasjo02.jpg
335,335,Timothé Luwawu-Cabarrot,luwawti01,https://d2cwpp38twqe55.cloudfront.net/req/202003231/images/players/luwawti01.jpg
336,336,Trey Lyles,lylestr01,https://d2cwpp38twqe55.cloudfront.net/req/202003231/images/players/lylestr01.jpg
337,337,Sheldon Mac,mcclesh01,https://d2cwpp38twqe55.cloudfront.net/req/202003231/images/players/mcclesh01.jpg
338,338,Shelvin Mack,macksh01,https://d2cwpp38twqe55.cloudfront.net/req/202003231/images/players/macksh01.jpg
339,339,Ian Mahinmi,mahinia01,https://d2cwpp38twqe55.cloudfront.net/req/202003231/images/players/mahinia01.jpg
340,340,Thon Maker,makerth01,https://d2cwpp38twqe55.cloudfront.net/req/202003231/images/players/makerth01.jpg
341,341,Boban Marjanović,marjabo01,https://d2cwpp38twqe55.cloudfront.net/req/202003231/images/players/marjabo01.jpg
342,342,Jarell Martin,martija01,https://d2cwpp38twqe55.cloudfront.net/req/202003231/images/players/martija01.jpg
343,343,Wesley Matthews,matthwe02,https://d2cwpp38twqe55.cloudfront.net/req/202003231/images/players/matthwe02.jpg
344,344,Luc Mbah a Moute,mbahalu01,https://d2cwpp38twqe55.cloudfront.net/req/202003231/images/players/mbahalu01.jpg
345,345,James Michael McAdoo,mcadoja01,https://d2cwpp38twqe55.cloudfront.net/req/202003231/images/players/mcadoja01.jpg
346,346,Patrick McCaw,mccawpa01,https://d2cwpp38twqe55.cloudfront.net/req/202003231/images/players/mccawpa01.jpg
347,347,CJ McCollum,mccolcj01,https://d2cwpp38twqe55.cloudfront.net/req/202003231/images/players/mccolcj01.jpg
348,348,T.J. McConnell,mccontj01,https://d2cwpp38twqe55.cloudfront.net/req/202003231/images/players/mccontj01.jpg
349,349,Chris McCullough,mcculch01,https://d2cwpp38twqe55.cloudfront.net/req/202003231/images/players/mcculch01.jpg
350,350,Chris McCullough,mcculch01,https://d2cwpp38twqe55.cloudfront.net/req/202003231/images/players/mcculch01.jpg
351,351,Chris McCullough,mcculch01,https://d2cwpp38twqe55.cloudfront.net/req/202003231/images/players/mcculch01.jpg
352,352,K.J. McDaniels,mcdankj01,https://d2cwpp38twqe55.cloudfront.net/req/202003231/images/players/mcdankj01.jpg
353,353,K.J. McDaniels,mcdankj01,https://d2cwpp38twqe55.cloudfront.net/req/202003231/images/players/mcdankj01.jpg
354,354,K.J. McDaniels,mcdankj01,https://d2cwpp38twqe55.cloudfront.net/req/202003231/images/players/mcdankj01.jpg
355,355,Doug McDermott,mcderdo01,https://d2cwpp38twqe55.cloudfront.net/req/202003231/images/players/mcderdo01.jpg
356,356,Doug McDermott,mcderdo01,https://d2cwpp38twqe55.cloudfront.net/req/202003231/images/players/mcderdo01.jpg
357,357,Doug McDermott,mcderdo01,https://d2cwpp38twqe55.cloudfront.net/req/202003231/images/players/mcderdo01.jpg
358,358,JaVale McGee,mcgeeja01,https://d2cwpp38twqe55.cloudfront.net/req/202003231/images/players/mcgeeja01.jpg
359,359,Rodney McGruder,mcgruro01,https://d2cwpp38twqe55.cloudfront.net/req/202003231/images/players/mcgruro01.jpg
360,360,Ben McLemore,mclembe01,https://d2cwpp38twqe55.cloudfront.net/req/202003231/images/players/mclembe01.jpg
361,361,Jordan McRae,mcraejo01,https://d2cwpp38twqe55.cloudfront.net/req/202003231/images/players/mcraejo01.jpg
362,362,Josh McRoberts,mcrobjo01,https://d2cwpp38twqe55.cloudfront.net/req/202003231/images/players/mcrobjo01.jpg
363,363,Jodie Meeks,meeksjo01,https://d2cwpp38twqe55.cloudfront.net/req/202003231/images/players/meeksjo01.jpg
364,364,Salah Mejri,mejrisa01,https://d2cwpp38twqe55.cloudfront.net/req/202003231/images/players/mejrisa01.jpg
365,365,Jordan Mickey,mickejo01,https://d2cwpp38twqe55.cloudfront.net/req/202003231/images/players/mickejo01.jpg
366,366,Khris Middleton,middlkh01,https://d2cwpp38twqe55.cloudfront.net/req/202003231/images/players/middlkh01.jpg
367,367,C.J. Miles,milescj01,https://d2cwpp38twqe55.cloudfront.net/req/202003231/images/players/milescj01.jpg
368,368,Mike Miller,millemi01,https://d2cwpp38twqe55.cloudfront.net/req/202003231/images/players/millemi01.jpg
369,369,Patty Mills,millspa02,https://d2cwpp38twqe55.cloudfront.net/req/202003231/images/players/millspa02.jpg
370,370,Elijah Millsap,millsel01,https://d2cwpp38twqe55.cloudfront.net/req/202003231/images/players/millsel01.jpg
371,371,Paul Millsap,millspa01,https://d2cwpp38twqe55.cloudfront.net/req/202003231/images/players/millspa01.jpg
372,372,Nikola Mirotić,mirotni01,https://d2cwpp38twqe55.cloudfront.net/req/202003231/images/players/mirotni01.jpg
373,373,Greg Monroe,monrogr01,https://d2cwpp38twqe55.cloudfront.net/req/202003231/images/players/monrogr01.jpg
374,374,E'Twaun Moore,mooreet01,https://d2cwpp38twqe55.cloudfront.net/req/202003231/images/players/mooreet01.jpg
375,375,Marcus Morris,morrima03,https://d2cwpp38twqe55.cloudfront.net/req/202003231/images/players/morrima03.jpg
376,376,Markieff Morris,morrima02,https://d2cwpp38twqe55.cloudfront.net/req/202003231/images/players/morrima02.jpg
377,377,Anthony Morrow,morroan01,https://d2cwpp38twqe55.cloudfront.net/req/202003231/images/players/morroan01.jpg
378,378,Anthony Morrow,morroan01,https://d2cwpp38twqe55.cloudfront.net/req/202003231/images/players/morroan01.jpg
379,379,Anthony Morrow,morroan01,https://d2cwpp38twqe55.cloudfront.net/req/202003231/images/players/morroan01.jpg
380,380,Donatas Motiejūnas,motiedo01,https://d2cwpp38twqe55.cloudfront.net/req/202003231/images/players/motiedo01.jpg
381,381,Timofey Mozgov,mozgoti01,https://d2cwpp38twqe55.cloudfront.net/req/202003231/images/players/mozgoti01.jpg
382,382,Emmanuel Mudiay,mudiaem01,https://d2cwpp38twqe55.cloudfront.net/req/202003231/images/players/mudiaem01.jpg
383,383,Shabazz Muhammad,muhamsh01,https://d2cwpp38twqe55.cloudfront.net/req/202003231/images/players/muhamsh01.jpg
384,384,Dejounte Murray,murrade01,https://d2cwpp38twqe55.cloudfront.net/req/202003231/images/players/murrade01.jpg
385,385,Jamal Murray,murraja01,https://d2cwpp38twqe55.cloudfront.net/req/202003231/images/players/murraja01.jpg
386,386,Mike Muscala,muscami01,https://d2cwpp38twqe55.cloudfront.net/req/202003231/images/players/muscami01.jpg
387,387,Larry Nance Jr.,nancela02,https://d2cwpp38twqe55.cloudfront.net/req/202003231/images/players/nancela02.jpg
388,388,Shabazz Napier,napiesh01,https://d2cwpp38twqe55.cloudfront.net/req/202003231/images/players/napiesh01.jpg
389,389,Maurice Ndour,ndourma01,https://d2cwpp38twqe55.cloudfront.net/req/202003231/images/players/ndourma01.jpg
390,390,Gary Neal,nealga01,https://d2cwpp38twqe55.cloudfront.net/req/202003231/images/players/nealga01.jpg
391,391,Jameer Nelson,nelsoja01,https://d2cwpp38twqe55.cloudfront.net/req/202003231/images/players/nelsoja01.jpg
392,392,Raul Neto,netora01,https://d2cwpp38twqe55.cloudfront.net/req/202003231/images/players/netora01.jpg
393,393,Georges Niang,niangge01,https://d2cwpp38twqe55.cloudfront.net/req/202003231/images/players/niangge01.jpg
394,394,Andrew Nicholson,nichoan01,https://d2cwpp38twqe55.cloudfront.net/req/202003231/images/players/nichoan01.jpg
395,395,Andrew Nicholson,nichoan01,https://d2cwpp38twqe55.cloudfront.net/req/202003231/images/players/nichoan01.jpg
396,396,Andrew Nicholson,nichoan01,https://d2cwpp38twqe55.cloudfront.net/req/202003231/images/players/nichoan01.jpg
397,397,Joakim Noah,noahjo01,https://d2cwpp38twqe55.cloudfront.net/req/202003231/images/players/noahjo01.jpg
398,398,Nerlens Noel,noelne01,https://d2cwpp38twqe55.cloudfront.net/req/202003231/images/players/noelne01.jpg
399,399,Nerlens Noel,noelne01,https://d2cwpp38twqe55.cloudfront.net/req/202003231/images/players/noelne01.jpg
400,400,Nerlens Noel,noelne01,https://d2cwpp38twqe55.cloudfront.net/req/202003231/images/players/noelne01.jpg
401,401,Lucas Nogueira,noguelu01,https://d2cwpp38twqe55.cloudfront.net/req/202003231/images/players/noguelu01.jpg
402,402,Steve Novak,novakst01,https://d2cwpp38twqe55.cloudfront.net/req/202003231/images/players/novakst01.jpg
403,403,Dirk Nowitzki,nowitdi01,https://d2cwpp38twqe55.cloudfront.net/req/202003231/images/players/nowitdi01.jpg
404,404,Jusuf Nurkić,nurkiju01,https://d2cwpp38twqe55.cloudfront.net/req/202003231/images/players/nurkiju01.jpg
405,405,Jusuf Nurkić,nurkiju01,https://d2cwpp38twqe55.cloudfront.net/req/202003231/images/players/nurkiju01.jpg
406,406,Jusuf Nurkić,nurkiju01,https://d2cwpp38twqe55.cloudfront.net/req/202003231/images/players/nurkiju01.jpg
407,407,David Nwaba,nwabada01,https://d2cwpp38twqe55.cloudfront.net/req/202003231/images/players/nwabada01.jpg
408,408,Johnny O'Bryant,obryajo01,https://d2cwpp38twqe55.cloudfront.net/req/202003231/images/players/obryajo01.jpg
409,409,Johnny O'Bryant,obryajo01,https://d2cwpp38twqe55.cloudfront.net/req/202003231/images/players/obryajo01.jpg
410,410,Johnny O'Bryant,obryajo01,https://d2cwpp38twqe55.cloudfront.net/req/202003231/images/players/obryajo01.jpg
411,411,Kyle O'Quinn,oquinky01,https://d2cwpp38twqe55.cloudfront.net/req/202003231/images/players/oquinky01.jpg
412,412,Daniel Ochefu,ochefda01,https://d2cwpp38twqe55.cloudfront.net/req/202003231/images/players/ochefda01.jpg
413,413,Jahlil Okafor,okafoja01,https://d2cwpp38twqe55.cloudfront.net/req/202003231/images/players/okafoja01.jpg
414,414,Victor Oladipo,oladivi01,https://d2cwpp38twqe55.cloudfront.net/req/202003231/images/players/oladivi01.jpg
415,415,Kelly Olynyk,olynyke01,https://d2cwpp38twqe55.cloudfront.net/req/202003231/images/players/olynyke01.jpg
416,416,Arinze Onuaku,onuakar01,https://d2cwpp38twqe55.cloudfront.net/req/202003231/images/players/onuakar01.jpg
417,417,Chinanu Onuaku,onuakch01,https://d2cwpp38twqe55.cloudfront.net/req/202003231/images/players/onuakch01.jpg
418,418,Kelly Oubre Jr.,oubreke01,https://d2cwpp38twqe55.cloudfront.net/req/202003231/images/players/oubreke01.jpg
419,419,Zaza Pachulia,pachuza01,https://d2cwpp38twqe55.cloudfront.net/req/202003231/images/players/pachuza01.jpg
420,420,Georgios Papagiannis,papagge01,https://d2cwpp38twqe55.cloudfront.net/req/202003231/images/players/papagge01.jpg
421,421,Jabari Parker,parkeja01,https://d2cwpp38twqe55.cloudfront.net/req/202003231/images/players/parkeja01.jpg
422,422,Tony Parker,parketo01,https://d2cwpp38twqe55.cloudfront.net/req/202003231/images/players/parketo01.jpg
423,423,Chandler Parsons,parsoch01,https://d2cwpp38twqe55.cloudfront.net/req/202003231/images/players/parsoch01.jpg
424,424,Lamar Patterson,pattela01,https://d2cwpp38twqe55.cloudfront.net/req/202003231/images/players/pattela01.jpg
425,425,Patrick Patterson,pattepa01,https://d2cwpp38twqe55.cloudfront.net/req/202003231/images/players/pattepa01.jpg
426,426,Chris Paul,paulch01,https://d2cwpp38twqe55.cloudfront.net/req/202003231/images/players/paulch01.jpg
427,427,Adreian Payne,paynead01,https://d2cwpp38twqe55.cloudfront.net/req/202003231/images/players/paynead01.jpg
428,428,Cameron Payne,payneca01,https://d2cwpp38twqe55.cloudfront.net/req/202003231/images/players/payneca01.jpg
429,429,Cameron Payne,payneca01,https://d2cwpp38twqe55.cloudfront.net/req/202003231/images/players/payneca01.jpg
430,430,Cameron Payne,payneca01,https://d2cwpp38twqe55.cloudfront.net/req/202003231/images/players/payneca01.jpg
431,431,Elfrid Payton,paytoel01,https://d2cwpp38twqe55.cloudfront.net/req/202003231/images/players/paytoel01.jpg
432,432,Gary Payton II,paytoga02,https://d2cwpp38twqe55.cloudfront.net/req/202003231/images/players/paytoga02.jpg
433,433,Paul Pierce,piercpa01,https://d2cwpp38twqe55.cloudfront.net/req/202003231/images/players/piercpa01.jpg
434,434,Marshall Plumlee,plumlma02,https://d2cwpp38twqe55.cloudfront.net/req/202003231/images/players/plumlma02.jpg
435,435,Mason Plumlee,plumlma01,https://d2cwpp38twqe55.cloudfront.net/req/202003231/images/players/plumlma01.jpg
436,436,Mason Plumlee,plumlma01,https://d2cwpp38twqe55.cloudfront.net/req/202003231/images/players/plumlma01.jpg
437,437,Mason Plumlee,plumlma01,https://d2cwpp38twqe55.cloudfront.net/req/202003231/images/players/plumlma01.jpg
438,438,Miles Plumlee,plumlmi01,https://d2cwpp38twqe55.cloudfront.net/req/202003231/images/players/plumlmi01.jpg
439,439,Miles Plumlee,plumlmi01,https://d2cwpp38twqe55.cloudfront.net/req/202003231/images/players/plumlmi01.jpg
440,440,Miles Plumlee,plumlmi01,https://d2cwpp38twqe55.cloudfront.net/req/202003231/images/players/plumlmi01.jpg
441,441,Jakob Pöltl,poeltja01,https://d2cwpp38twqe55.cloudfront.net/req/202003231/images/players/poeltja01.jpg
442,442,Otto Porter,porteot01,https://d2cwpp38twqe55.cloudfront.net/req/202003231/images/players/porteot01.jpg
443,443,Bobby Portis,portibo01,https://d2cwpp38twqe55.cloudfront.net/req/202003231/images/players/portibo01.jpg
444,444,Kristaps Porziņģis,porzikr01,https://d2cwpp38twqe55.cloudfront.net/req/202003231/images/players/porzikr01.jpg
445,445,Dwight Powell,poweldw01,https://d2cwpp38twqe55.cloudfront.net/req/202003231/images/players/poweldw01.jpg
446,446,Norman Powell,powelno01,https://d2cwpp38twqe55.cloudfront.net/req/202003231/images/players/powelno01.jpg
447,447,Alex Poythress,poythal01,https://d2cwpp38twqe55.cloudfront.net/req/202003231/images/players/poythal01.jpg
448,448,Ronnie Price,pricero01,https://d2cwpp38twqe55.cloudfront.net/req/202003231/images/players/pricero01.jpg
449,449,Tim Quarterman,quartti01,https://d2cwpp38twqe55.cloudfront.net/req/202003231/images/players/quartti01.jpg
450,450,Chasson Randle,randlch01,https://d2cwpp38twqe55.cloudfront.net/req/202003231/images/players/randlch01.jpg
451,451,Chasson Randle,randlch01,https://d2cwpp38twqe55.cloudfront.net/req/202003231/images/players/randlch01.jpg
452,452,Chasson Randle,randlch01,https://d2cwpp38twqe55.cloudfront.net/req/202003231/images/players/randlch01.jpg
453,453,Julius Randle,randlju01,https://d2cwpp38twqe55.cloudfront.net/req/202003231/images/players/randlju01.jpg
454,454,Zach Randolph,randoza01,https://d2cwpp38twqe55.cloudfront.net/req/202003231/images/players/randoza01.jpg
455,455,J.J. Redick,redicjj01,https://d2cwpp38twqe55.cloudfront.net/req/202003231/images/players/redicjj01.jpg
456,456,Willie Reed,reedwi02,https://d2cwpp38twqe55.cloudfront.net/req/202003231/images/players/reedwi02.jpg
457,457,Josh Richardson,richajo01,https://d2cwpp38twqe55.cloudfront.net/req/202003231/images/players/richajo01.jpg
458,458,Malachi Richardson,richama01,https://d2cwpp38twqe55.cloudfront.net/req/202003231/images/players/richama01.jpg
459,459,Austin Rivers,riverau01,https://d2cwpp38twqe55.cloudfront.net/req/202003231/images/players/riverau01.jpg
460,460,Andre Roberson,roberan03,https://d2cwpp38twqe55.cloudfront.net/req/202003231/images/players/roberan03.jpg
461,461,Brian Roberts,roberbr01,https://d2cwpp38twqe55.cloudfront.net/req/202003231/images/players/roberbr01.jpg
462,462,Glenn Robinson III,robingl02,https://d2cwpp38twqe55.cloudfront.net/req/202003231/images/players/robingl02.jpg
463,463,Thomas Robinson,robinth01,https://d2cwpp38twqe55.cloudfront.net/req/202003231/images/players/robinth01.jpg
464,464,Sergio Rodríguez,rodrise01,https://d2cwpp38twqe55.cloudfront.net/req/202003231/images/players/rodrise01.jpg
465,465,Rajon Rondo,rondora01,https://d2cwpp38twqe55.cloudfront.net/req/202003231/images/players/rondora01.jpg
466,466,Derrick Rose,rosede01,https://d2cwpp38twqe55.cloudfront.net/req/202003231/images/players/rosede01.jpg
467,467,Terrence Ross,rosste01,https://d2cwpp38twqe55.cloudfront.net/req/202003231/images/players/rosste01.jpg
468,468,Terrence Ross,rosste01,https://d2cwpp38twqe55.cloudfront.net/req/202003231/images/players/rosste01.jpg
469,469,Terrence Ross,rosste01,https://d2cwpp38twqe55.cloudfront.net/req/202003231/images/players/rosste01.jpg
470,470,Terry Rozier,roziete01,https://d2cwpp38twqe55.cloudfront.net/req/202003231/images/players/roziete01.jpg
471,471,Ricky Rubio,rubiori01,https://d2cwpp38twqe55.cloudfront.net/req/202003231/images/players/rubiori01.jpg
472,472,Damjan Rudež,rudezda01,https://d2cwpp38twqe55.cloudfront.net/req/202003231/images/players/rudezda01.jpg
473,473,Brandon Rush,rushbr01,https://d2cwpp38twqe55.cloudfront.net/req/202003231/images/players/rushbr01.jpg
474,474,D'Angelo Russell,russeda01,https://d2cwpp38twqe55.cloudfront.net/req/202003231/images/players/russeda01.jpg
475,475,Domantas Sabonis,sabondo01,https://d2cwpp38twqe55.cloudfront.net/req/202003231/images/players/sabondo01.jpg
476,476,Larry Sanders,sandela01,https://d2cwpp38twqe55.cloudfront.net/req/202003231/images/players/sandela01.jpg
477,477,Dario Šarić,saricda01,https://d2cwpp38twqe55.cloudfront.net/req/202003231/images/players/saricda01.jpg
478,478,Tomáš Satoranský,satorto01,https://d2cwpp38twqe55.cloudfront.net/req/202003231/images/players/satorto01.jpg
479,479,Dennis Schröder,schrode01,https://d2cwpp38twqe55.cloudfront.net/req/202003231/images/players/schrode01.jpg
480,480,Luis Scola,scolalu01,https://d2cwpp38twqe55.cloudfront.net/req/202003231/images/players/scolalu01.jpg
481,481,Mike Scott,scottmi01,https://d2cwpp38twqe55.cloudfront.net/req/202003231/images/players/scottmi01.jpg
482,482,Thabo Sefolosha,sefolth01,https://d2cwpp38twqe55.cloudfront.net/req/202003231/images/players/sefolth01.jpg
483,483,Wayne Selden,seldewa01,https://d2cwpp38twqe55.cloudfront.net/req/202003231/images/players/seldewa01.jpg
484,484,Wayne Selden,seldewa01,https://d2cwpp38twqe55.cloudfront.net/req/202003231/images/players/seldewa01.jpg
485,485,Wayne Selden,seldewa01,https://d2cwpp38twqe55.cloudfront.net/req/202003231/images/players/seldewa01.jpg
486,486,Kevin Séraphin,serapke01,https://d2cwpp38twqe55.cloudfront.net/req/202003231/images/players/serapke01.jpg
487,487,Ramon Sessions,sessira01,https://d2cwpp38twqe55.cloudfront.net/req/202003231/images/players/sessira01.jpg
488,488,Iman Shumpert,shumpim01,https://d2cwpp38twqe55.cloudfront.net/req/202003231/images/players/shumpim01.jpg
489,489,Pascal Siakam,siakapa01,https://d2cwpp38twqe55.cloudfront.net/req/202003231/images/players/siakapa01.jpg
490,490,Jonathon Simmons,simmojo02,https://d2cwpp38twqe55.cloudfront.net/req/202003231/images/players/simmojo02.jpg
491,491,Kyle Singler,singlky01,https://d2cwpp38twqe55.cloudfront.net/req/202003231/images/players/singlky01.jpg
492,492,Marcus Smart,smartma01,https://d2cwpp38twqe55.cloudfront.net/req/202003231/images/players/smartma01.jpg
493,493,Ish Smith,smithis01,https://d2cwpp38twqe55.cloudfront.net/req/202003231/images/players/smithis01.jpg
494,494,J.R. Smith,smithjr01,https://d2cwpp38twqe55.cloudfront.net/req/202003231/images/players/smithjr01.jpg
495,495,Jason Smith,smithja02,https://d2cwpp38twqe55.cloudfront.net/req/202003231/images/players/smithja02.jpg
496,496,Tony Snell,snellto01,https://d2cwpp38twqe55.cloudfront.net/req/202003231/images/players/snellto01.jpg
497,497,Marreese Speights,speigma01,https://d2cwpp38twqe55.cloudfront.net/req/202003231/images/players/speigma01.jpg
498,498,Tiago Splitter,splitti01,https://d2cwpp38twqe55.cloudfront.net/req/202003231/images/players/splitti01.jpg
499,499,Nik Stauskas,stausni01,https://d2cwpp38twqe55.cloudfront.net/req/202003231/images/players/stausni01.jpg
500,500,Lance Stephenson,stephla01,https://d2cwpp38twqe55.cloudfront.net/req/202003231/images/players/stephla01.jpg
501,501,Lance Stephenson,stephla01,https://d2cwpp38twqe55.cloudfront.net/req/202003231/images/players/stephla01.jpg
502,502,Lance Stephenson,stephla01,https://d2cwpp38twqe55.cloudfront.net/req/202003231/images/players/stephla01.jpg
503,503,Lance Stephenson,stephla01,https://d2cwpp38twqe55.cloudfront.net/req/202003231/images/players/stephla01.jpg
504,504,Jarnell Stokes,stokeja01,https://d2cwpp38twqe55.cloudfront.net/req/202003231/images/players/stokeja01.jpg
505,505,Diamond Stone,stonedi01,https://d2cwpp38twqe55.cloudfront.net/req/202003231/images/players/stonedi01.jpg
506,506,Rodney Stuckey,stuckro01,https://d2cwpp38twqe55.cloudfront.net/req/202003231/images/players/stuckro01.jpg
507,507,Jared Sullinger,sullija01,https://d2cwpp38twqe55.cloudfront.net/req/202003231/images/players/sullija01.jpg
508,508,Edy Tavares,tavarwa01,https://d2cwpp38twqe55.cloudfront.net/req/202003231/images/players/tavarwa01.jpg
509,509,Edy Tavares,tavarwa01,https://d2cwpp38twqe55.cloudfront.net/req/202003231/images/players/tavarwa01.jpg
510,510,Edy Tavares,tavarwa01,https://d2cwpp38twqe55.cloudfront.net/req/202003231/images/players/tavarwa01.jpg
511,511,Isaiah Taylor,taylois01,https://d2cwpp38twqe55.cloudfront.net/req/202003231/images/players/taylois01.jpg
512,512,Jeff Teague,teaguje01,https://d2cwpp38twqe55.cloudfront.net/req/202003231/images/players/teaguje01.jpg
513,513,Mirza Teletović,teletmi01,https://d2cwpp38twqe55.cloudfront.net/req/202003231/images/players/teletmi01.jpg
514,514,Garrett Temple,templga01,https://d2cwpp38twqe55.cloudfront.net/req/202003231/images/players/templga01.jpg
515,515,Jason Terry,terryja01,https://d2cwpp38twqe55.cloudfront.net/req/202003231/images/players/terryja01.jpg
516,516,Isaiah Thomas,thomais02,https://d2cwpp38twqe55.cloudfront.net/req/202003231/images/players/thomais02.jpg
517,517,Lance Thomas,thomala01,https://d2cwpp38twqe55.cloudfront.net/req/202003231/images/players/thomala01.jpg
518,518,Hollis Thompson,thompho01,https://d2cwpp38twqe55.cloudfront.net/req/202003231/images/players/thompho01.jpg
519,519,Hollis Thompson,thompho01,https://d2cwpp38twqe55.cloudfront.net/req/202003231/images/players/thompho01.jpg
520,520,Hollis Thompson,thompho01,https://d2cwpp38twqe55.cloudfront.net/req/202003231/images/players/thompho01.jpg
521,521,Klay Thompson,thompkl01,https://d2cwpp38twqe55.cloudfront.net/req/202003231/images/players/thompkl01.jpg
522,522,Tristan Thompson,thomptr01,https://d2cwpp38twqe55.cloudfront.net/req/202003231/images/players/thomptr01.jpg
523,523,Marcus Thornton,thornma01,https://d2cwpp38twqe55.cloudfront.net/req/202003231/images/players/thornma01.jpg
524,524,Mike Tobey,tobeymi01,https://d2cwpp38twqe55.cloudfront.net/req/202003231/images/players/tobeymi01.jpg
525,525,Anthony Tolliver,tollian01,https://d2cwpp38twqe55.cloudfront.net/req/202003231/images/players/tollian01.jpg
526,526,Axel Toupane,toupaax01,https://d2cwpp38twqe55.cloudfront.net/req/202003231/images/players/toupaax01.jpg
527,527,Axel Toupane,toupaax01,https://d2cwpp38twqe55.cloudfront.net/req/202003231/images/players/toupaax01.jpg
528,528,Axel Toupane,toupaax01,https://d2cwpp38twqe55.cloudfront.net/req/202003231/images/players/toupaax01.jpg
529,529,Karl-Anthony Towns,townska01,https://d2cwpp38twqe55.cloudfront.net/req/202003231/images/players/townska01.jpg
530,530,P.J. Tucker,tuckepj01,https://d2cwpp38twqe55.cloudfront.net/req/202003231/images/players/tuckepj01.jpg
531,531,P.J. Tucker,tuckepj01,https://d2cwpp38twqe55.cloudfront.net/req/202003231/images/players/tuckepj01.jpg
532,532,P.J. Tucker,tuckepj01,https://d2cwpp38twqe55.cloudfront.net/req/202003231/images/players/tuckepj01.jpg
533,533,Evan Turner,turneev01,https://d2cwpp38twqe55.cloudfront.net/req/202003231/images/players/turneev01.jpg
534,534,Myles Turner,turnemy01,https://d2cwpp38twqe55.cloudfront.net/req/202003231/images/players/turnemy01.jpg
535,535,Beno Udrih,udrihbe01,https://d2cwpp38twqe55.cloudfront.net/req/202003231/images/players/udrihbe01.jpg
536,536,Tyler Ulis,ulisty01,https://d2cwpp38twqe55.cloudfront.net/req/202003231/images/players/ulisty01.jpg
537,537,Jarrod Uthoff,uthofja01,https://d2cwpp38twqe55.cloudfront.net/req/202003231/images/players/uthofja01.jpg
538,538,Jonas Valančiūnas,valanjo01,https://d2cwpp38twqe55.cloudfront.net/req/202003231/images/players/valanjo01.jpg
539,539,Denzel Valentine,valende01,https://d2cwpp38twqe55.cloudfront.net/req/202003231/images/players/valende01.jpg
540,540,Fred VanVleet,vanvlfr01,https://d2cwpp38twqe55.cloudfront.net/req/202003231/images/players/vanvlfr01.jpg
541,541,Anderson Varejão,varejan01,https://d2cwpp38twqe55.cloudfront.net/req/202003231/images/players/varejan01.jpg
542,542,Greivis Vásquez,vasqugr01,https://d2cwpp38twqe55.cloudfront.net/req/202003231/images/players/vasqugr01.jpg
543,543,Rashad Vaughn,vaughra01,https://d2cwpp38twqe55.cloudfront.net/req/202003231/images/players/vaughra01.jpg
544,544,Noah Vonleh,vonleno01,https://d2cwpp38twqe55.cloudfront.net/req/202003231/images/players/vonleno01.jpg
545,545,Nikola Vučević,vucevni01,https://d2cwpp38twqe55.cloudfront.net/req/202003231/images/players/vucevni01.jpg
546,546,Sasha Vujačić,vujacsa01,https://d2cwpp38twqe55.cloudfront.net/req/202003231/images/players/vujacsa01.jpg
547,547,Dwyane Wade,wadedw01,https://d2cwpp38twqe55.cloudfront.net/req/202003231/images/players/wadedw01.jpg
548,548,Dion Waiters,waitedi01,https://d2cwpp38twqe55.cloudfront.net/req/202003231/images/players/waitedi01.jpg
549,549,Kemba Walker,walkeke02,https://d2cwpp38twqe55.cloudfront.net/req/202003231/images/players/walkeke02.jpg
550,550,John Wall,walljo01,https://d2cwpp38twqe55.cloudfront.net/req/202003231/images/players/walljo01.jpg
551,551,Taurean Prince,princta02,https://d2cwpp38twqe55.cloudfront.net/req/202003231/images/players/princta02.jpg
552,552,T.J. Warren,warretj01,https://d2cwpp38twqe55.cloudfront.net/req/202003231/images/players/warretj01.jpg
553,553,C.J. Watson,watsocj01,https://d2cwpp38twqe55.cloudfront.net/req/202003231/images/players/watsocj01.jpg
554,554,Briante Weber,weberbr01,https://d2cwpp38twqe55.cloudfront.net/req/202003231/images/players/weberbr01.jpg
555,555,Briante Weber,weberbr01,https://d2cwpp38twqe55.cloudfront.net/req/202003231/images/players/weberbr01.jpg
556,556,Briante Weber,weberbr01,https://d2cwpp38twqe55.cloudfront.net/req/202003231/images/players/weberbr01.jpg
557,557,David West,westda01,https://d2cwpp38twqe55.cloudfront.net/req/202003231/images/players/westda01.jpg
558,558,Russell Westbrook,westbru01,https://d2cwpp38twqe55.cloudfront.net/req/202003231/images/players/westbru01.jpg
559,559,Okaro White,whiteok01,https://d2cwpp38twqe55.cloudfront.net/req/202003231/images/players/whiteok01.jpg
560,560,Isaiah Whitehead,whiteis01,https://d2cwpp38twqe55.cloudfront.net/req/202003231/images/players/whiteis01.jpg
561,561,Hassan Whiteside,whiteha01,https://d2cwpp38twqe55.cloudfront.net/req/202003231/images/players/whiteha01.jpg
562,562,Andrew Wiggins,wiggian01,https://d2cwpp38twqe55.cloudfront.net/req/202003231/images/players/wiggian01.jpg
563,563,C.J. Wilcox,wilcocj01,https://d2cwpp38twqe55.cloudfront.net/req/202003231/images/players/wilcocj01.jpg
564,564,Alan Williams,willial03,https://d2cwpp38twqe55.cloudfront.net/req/202003231/images/players/willial03.jpg
565,565,Deron Williams,willide01,https://d2cwpp38twqe55.cloudfront.net/req/202003231/images/players/willide01.jpg
566,566,Deron Williams,willide01,https://d2cwpp38twqe55.cloudfront.net/req/202003231/images/players/willide01.jpg
567,567,Deron Williams,willide01,https://d2cwpp38twqe55.cloudfront.net/req/202003231/images/players/willide01.jpg
568,568,Derrick Williams,willide02,https://d2cwpp38twqe55.cloudfront.net/req/202003231/images/players/willide02.jpg
569,569,Derrick Williams,willide02,https://d2cwpp38twqe55.cloudfront.net/req/202003231/images/players/willide02.jpg
570,570,Derrick Williams,willide02,https://d2cwpp38twqe55.cloudfront.net/req/202003231/images/players/willide02.jpg
571,571,Lou Williams,willilo02,https://d2cwpp38twqe55.cloudfront.net/req/202003231/images/players/willilo02.jpg
572,572,Lou Williams,willilo02,https://d2cwpp38twqe55.cloudfront.net/req/202003231/images/players/willilo02.jpg
573,573,Lou Williams,willilo02,https://d2cwpp38twqe55.cloudfront.net/req/202003231/images/players/willilo02.jpg
574,574,Marvin Williams,willima02,https://d2cwpp38twqe55.cloudfront.net/req/202003231/images/players/willima02.jpg
575,575,Reggie Williams,willire02,https://d2cwpp38twqe55.cloudfront.net/req/202003231/images/players/willire02.jpg
576,576,Troy Williams,willitr02,https://d2cwpp38twqe55.cloudfront.net/req/202003231/images/players/willitr02.jpg
577,577,Troy Williams,willitr02,https://d2cwpp38twqe55.cloudfront.net/req/202003231/images/players/willitr02.jpg
578,578,Troy Williams,willitr02,https://d2cwpp38twqe55.cloudfront.net/req/202003231/images/players/willitr02.jpg
579,579,Kyle Wiltjer,wiltjky01,https://d2cwpp38twqe55.cloudfront.net/req/202003231/images/players/wiltjky01.jpg
580,580,Justise Winslow,winslju01,https://d2cwpp38twqe55.cloudfront.net/req/202003231/images/players/winslju01.jpg
581,581,Jeff Withey,witheje01,https://d2cwpp38twqe55.cloudfront.net/req/202003231/images/players/witheje01.jpg
582,582,Christian Wood,woodch01,https://d2cwpp38twqe55.cloudfront.net/req/202003231/images/players/woodch01.jpg
583,583,Metta World Peace,artesro01,https://d2cwpp38twqe55.cloudfront.net/req/202003231/images/players/artesro01.jpg
584,584,Brandan Wright,wrighbr03,https://d2cwpp38twqe55.cloudfront.net/req/202003231/images/players/wrighbr03.jpg
585,585,Delon Wright,wrighde01,https://d2cwpp38twqe55.cloudfront.net/req/202003231/images/players/wrighde01.jpg
586,586,James Young,youngja01,https://d2cwpp38twqe55.cloudfront.net/req/202003231/images/players/youngja01.jpg
587,587,Joe Young,youngjo01,https://d2cwpp38twqe55.cloudfront.net/req/202003231/images/players/youngjo01.jpg
588,588,Nick Young,youngni01,https://d2cwpp38twqe55.cloudfront.net/req/202003231/images/players/youngni01.jpg
589,589,Thaddeus Young,youngth01,https://d2cwpp38twqe55.cloudfront.net/req/202003231/images/players/youngth01.jpg
590,590,Cody Zeller,zelleco01,https://d2cwpp38twqe55.cloudfront.net/req/202003231/images/players/zelleco01.jpg
591,591,Tyler Zeller,zellety01,https://d2cwpp38twqe55.cloudfront.net/req/202003231/images/players/zellety01.jpg
592,592,Stephen Zimmerman,zimmest01,https://d2cwpp38twqe55.cloudfront.net/req/202003231/images/players/zimmest01.jpg
593,593,Paul Zipser,zipsepa01,https://d2cwpp38twqe55.cloudfront.net/req/202003231/images/players/zipsepa01.jpg
594,594,Ivica Zubac,zubaciv01,https://d2cwpp38twqe55.cloudfront.net/req/202003231/images/players/zubaciv01.jpg
