Player,URL
Álex Abrines,https://d2cwpp38twqe55.cloudfront.net/req/202003231/images/players/abrinal01.jpg
Ángel Delgado,https://d2cwpp38twqe55.cloudfront.net/req/202003231/images/players/delgaan01.jpg
Ömer Aşık,https://d2cwpp38twqe55.cloudfront.net/req/202003231/images/players/asikom01.jpg
A.J. Hammons,https://d2cwpp38twqe55.cloudfront.net/req/202003231/images/players/hammoaj01.jpg
Aaron Brooks,https://d2cwpp38twqe55.cloudfront.net/req/202003231/images/players/brookaa01.jpg
Aaron Gordon,https://d2cwpp38twqe55.cloudfront.net/req/202003231/images/players/gordoaa01.jpg
Aaron Harrison,https://d2cwpp38twqe55.cloudfront.net/req/202003231/images/players/harriaa01.jpg
Aaron Holiday,https://d2cwpp38twqe55.cloudfront.net/req/202003231/images/players/holidaa01.jpg
Aaron Jackson,https://d2cwpp38twqe55.cloudfront.net/req/202003231/images/players/jacksaa01.jpg
Abdel Nader,https://d2cwpp38twqe55.cloudfront.net/req/202003231/images/players/naderab01.jpg
Adreian Payne,https://d2cwpp38twqe55.cloudfront.net/req/202003231/images/players/paynead01.jpg
Al Horford,https://d2cwpp38twqe55.cloudfront.net/req/202003231/images/players/horfoal01.jpg
Al Jefferson,https://d2cwpp38twqe55.cloudfront.net/req/202003231/images/players/jeffeal01.jpg
Al-Farouq Aminu,https://d2cwpp38twqe55.cloudfront.net/req/202003231/images/players/aminual01.jpg
Alan Anderson,https://d2cwpp38twqe55.cloudfront.net/req/202003231/images/players/anderal01.jpg
Alan Williams,https://d2cwpp38twqe55.cloudfront.net/req/202003231/images/players/willial03.jpg
Alec Burks,https://d2cwpp38twqe55.cloudfront.net/req/202003231/images/players/burksal01.jpg
Alec Peters,https://d2cwpp38twqe55.cloudfront.net/req/202003231/images/players/peteral01.jpg
Alex Caruso,https://d2cwpp38twqe55.cloudfront.net/req/202003231/images/players/carusal01.jpg
Alex Len,https://d2cwpp38twqe55.cloudfront.net/req/202003231/images/players/lenal01.jpg
Alex Poythress,https://d2cwpp38twqe55.cloudfront.net/req/202003231/images/players/poythal01.jpg
Alexis Ajinça,https://d2cwpp38twqe55.cloudfront.net/req/202003231/images/players/ajincal01.jpg
Alfonzo McKinnie,https://d2cwpp38twqe55.cloudfront.net/req/202003231/images/players/mckinal01.jpg
Alize Johnson,https://d2cwpp38twqe55.cloudfront.net/req/202003231/images/players/johnsal02.jpg
Allen Crabbe,https://d2cwpp38twqe55.cloudfront.net/req/202003231/images/players/crabbal01.jpg
Allonzo Trier,https://d2cwpp38twqe55.cloudfront.net/req/202003231/images/players/trieral01.jpg
Alonzo Gee,https://d2cwpp38twqe55.cloudfront.net/req/202003231/images/players/geeal01.jpg
Amile Jefferson,https://d2cwpp38twqe55.cloudfront.net/req/202003231/images/players/jeffeam01.jpg
Amir Johnson,https://d2cwpp38twqe55.cloudfront.net/req/202003231/images/players/johnsam01.jpg
Anderson Varejão,https://d2cwpp38twqe55.cloudfront.net/req/202003231/images/players/varejan01.jpg
Andre Drummond,https://d2cwpp38twqe55.cloudfront.net/req/202003231/images/players/drumman01.jpg
Andre Iguodala,https://d2cwpp38twqe55.cloudfront.net/req/202003231/images/players/iguodan01.jpg
Andre Ingram,https://d2cwpp38twqe55.cloudfront.net/req/202003231/images/players/ingraan01.jpg
Andre Roberson,https://d2cwpp38twqe55.cloudfront.net/req/202003231/images/players/roberan03.jpg
Andrew Bogut,https://d2cwpp38twqe55.cloudfront.net/req/202003231/images/players/bogutan01.jpg
Andrew Harrison,https://d2cwpp38twqe55.cloudfront.net/req/202003231/images/players/harrian01.jpg
Andrew Nicholson,https://d2cwpp38twqe55.cloudfront.net/req/202003231/images/players/nichoan01.jpg
Andrew White,https://d2cwpp38twqe55.cloudfront.net/req/202003231/images/players/whitean01.jpg
Andrew Wiggins,https://d2cwpp38twqe55.cloudfront.net/req/202003231/images/players/wiggian01.jpg
Anfernee Simons,https://d2cwpp38twqe55.cloudfront.net/req/202003231/images/players/simonan01.jpg
Ante ≈Ωi≈æiƒá,https://d2cwpp38twqe55.cloudfront.net/req/202003231/images/players/zizican01.jpg
Anthony Bennett,https://d2cwpp38twqe55.cloudfront.net/req/202003231/images/players/bennean01.jpg
Anthony Brown,https://d2cwpp38twqe55.cloudfront.net/req/202003231/images/players/brownan02.jpg
Anthony Davis,https://d2cwpp38twqe55.cloudfront.net/req/202003231/images/players/davisan02.jpg
Anthony Morrow,https://d2cwpp38twqe55.cloudfront.net/req/202003231/images/players/morroan01.jpg
Anthony Tolliver,https://d2cwpp38twqe55.cloudfront.net/req/202003231/images/players/tollian01.jpg
Antonio Blakeney,https://d2cwpp38twqe55.cloudfront.net/req/202003231/images/players/blakean01.jpg
Antonius Cleveland,https://d2cwpp38twqe55.cloudfront.net/req/202003231/images/players/clevean01.jpg
Archie Goodwin,https://d2cwpp38twqe55.cloudfront.net/req/202003231/images/players/goodwar01.jpg
Arinze Onuaku,https://d2cwpp38twqe55.cloudfront.net/req/202003231/images/players/onuakar01.jpg
Aron Baynes,https://d2cwpp38twqe55.cloudfront.net/req/202003231/images/players/baynear01.jpg
Arron Afflalo,https://d2cwpp38twqe55.cloudfront.net/req/202003231/images/players/afflaar01.jpg
Austin Rivers,https://d2cwpp38twqe55.cloudfront.net/req/202003231/images/players/riverau01.jpg
Avery Bradley,https://d2cwpp38twqe55.cloudfront.net/req/202003231/images/players/bradlav01.jpg
Axel Toupane,https://d2cwpp38twqe55.cloudfront.net/req/202003231/images/players/toupaax01.jpg
B.J. Johnson,https://d2cwpp38twqe55.cloudfront.net/req/202003231/images/players/johnsbj01.jpg
Bam Adebayo,https://d2cwpp38twqe55.cloudfront.net/req/202003231/images/players/adebaba01.jpg
Ben Bentil,https://d2cwpp38twqe55.cloudfront.net/req/202003231/images/players/bentibe01.jpg
Ben McLemore,https://d2cwpp38twqe55.cloudfront.net/req/202003231/images/players/mclembe01.jpg
Ben Moore,https://d2cwpp38twqe55.cloudfront.net/req/202003231/images/players/moorebe01.jpg
Ben Simmons,https://d2cwpp38twqe55.cloudfront.net/req/202003231/images/players/simmobe01.jpg
Beno Udrih,https://d2cwpp38twqe55.cloudfront.net/req/202003231/images/players/udrihbe01.jpg
Billy Garrett,https://d2cwpp38twqe55.cloudfront.net/req/202003231/images/players/garrebi01.jpg
Bismack Biyombo,https://d2cwpp38twqe55.cloudfront.net/req/202003231/images/players/biyombi01.jpg
Blake Griffin,https://d2cwpp38twqe55.cloudfront.net/req/202003231/images/players/griffbl01.jpg
Boban Marjanoviƒá,https://d2cwpp38twqe55.cloudfront.net/req/202003231/images/players/marjabo01.jpg
Bobby Brown,https://d2cwpp38twqe55.cloudfront.net/req/202003231/images/players/brownbo02.jpg
Bobby Portis,https://d2cwpp38twqe55.cloudfront.net/req/202003231/images/players/portibo01.jpg
Bogdan Bogdanoviƒá,https://d2cwpp38twqe55.cloudfront.net/req/202003231/images/players/bogdabo01.jpg
Bojan Bogdanoviƒá,https://d2cwpp38twqe55.cloudfront.net/req/202003231/images/players/bogdabo02.jpg
Bonzie Colson,https://d2cwpp38twqe55.cloudfront.net/req/202003231/images/players/colsobo01.jpg
Boris Diaw,https://d2cwpp38twqe55.cloudfront.net/req/202003231/images/players/diawbo01.jpg
Brad Wanamaker,https://d2cwpp38twqe55.cloudfront.net/req/202003231/images/players/wanambr01.jpg
Bradley Beal,https://d2cwpp38twqe55.cloudfront.net/req/202003231/images/players/bealbr01.jpg
Brandan Wright,https://d2cwpp38twqe55.cloudfront.net/req/202003231/images/players/wrighbr03.jpg
Brandon Bass,https://d2cwpp38twqe55.cloudfront.net/req/202003231/images/players/bassbr01.jpg
Brandon Goodwin,https://d2cwpp38twqe55.cloudfront.net/req/202003231/images/players/goodwbr01.jpg
Brandon Ingram,https://d2cwpp38twqe55.cloudfront.net/req/202003231/images/players/ingrabr01.jpg
Brandon Jennings,https://d2cwpp38twqe55.cloudfront.net/req/202003231/images/players/jennibr01.jpg
Brandon Knight,https://d2cwpp38twqe55.cloudfront.net/req/202003231/images/players/knighbr03.jpg
Brandon Paul,https://d2cwpp38twqe55.cloudfront.net/req/202003231/images/players/paulbr01.jpg
Brandon Rush,https://d2cwpp38twqe55.cloudfront.net/req/202003231/images/players/rushbr01.jpg
Brandon Sampson,https://d2cwpp38twqe55.cloudfront.net/req/202003231/images/players/sampsbr01.jpg
Brian Roberts,https://d2cwpp38twqe55.cloudfront.net/req/202003231/images/players/roberbr01.jpg
Briante Weber,https://d2cwpp38twqe55.cloudfront.net/req/202003231/images/players/weberbr01.jpg
Brice Johnson,https://d2cwpp38twqe55.cloudfront.net/req/202003231/images/players/johnsbr02.jpg
Brook Lopez,https://d2cwpp38twqe55.cloudfront.net/req/202003231/images/players/lopezbr01.jpg
Bruce Brown,https://d2cwpp38twqe55.cloudfront.net/req/202003231/images/players/brownbr01.jpg
Bruno Caboclo,https://d2cwpp38twqe55.cloudfront.net/req/202003231/images/players/cabocbr01.jpg
Bryn Forbes,https://d2cwpp38twqe55.cloudfront.net/req/202003231/images/players/forbebr01.jpg
Buddy Hield,https://d2cwpp38twqe55.cloudfront.net/req/202003231/images/players/hieldbu01.jpg
C.J. Miles,https://d2cwpp38twqe55.cloudfront.net/req/202003231/images/players/milescj01.jpg
C.J. Watson,https://d2cwpp38twqe55.cloudfront.net/req/202003231/images/players/watsocj01.jpg
C.J. Wilcox,https://d2cwpp38twqe55.cloudfront.net/req/202003231/images/players/wilcocj01.jpg
C.J. Williams,https://d2cwpp38twqe55.cloudfront.net/req/202003231/images/players/willicj01.jpg
Caleb Swanigan,https://d2cwpp38twqe55.cloudfront.net/req/202003231/images/players/swanica01.jpg
Cameron Payne,https://d2cwpp38twqe55.cloudfront.net/req/202003231/images/players/payneca01.jpg
Cameron Reynolds,https://d2cwpp38twqe55.cloudfront.net/req/202003231/images/players/reynoca01.jpg
Caris LeVert,https://d2cwpp38twqe55.cloudfront.net/req/202003231/images/players/leverca01.jpg
Carmelo Anthony,https://d2cwpp38twqe55.cloudfront.net/req/202003231/images/players/anthoca01.jpg
Cedi Osman,https://d2cwpp38twqe55.cloudfront.net/req/202003231/images/players/osmande01.jpg
Chandler Hutchison,https://d2cwpp38twqe55.cloudfront.net/req/202003231/images/players/hutchch01.jpg
Chandler Parsons,https://d2cwpp38twqe55.cloudfront.net/req/202003231/images/players/parsoch01.jpg
Channing Frye,https://d2cwpp38twqe55.cloudfront.net/req/202003231/images/players/fryech01.jpg
Charles Cooke,https://d2cwpp38twqe55.cloudfront.net/req/202003231/images/players/cookech01.jpg
Chasson Randle,https://d2cwpp38twqe55.cloudfront.net/req/202003231/images/players/randlch01.jpg
Cheick Diallo,https://d2cwpp38twqe55.cloudfront.net/req/202003231/images/players/diallch01.jpg
Chimezie Metu,https://d2cwpp38twqe55.cloudfront.net/req/202003231/images/players/metuch01.jpg
Chinanu Onuaku,https://d2cwpp38twqe55.cloudfront.net/req/202003231/images/players/onuakch01.jpg
Chris Andersen,https://d2cwpp38twqe55.cloudfront.net/req/202003231/images/players/anderch01.jpg
Chris Boucher,https://d2cwpp38twqe55.cloudfront.net/req/202003231/images/players/bouchch01.jpg
Chris Chiozza,https://d2cwpp38twqe55.cloudfront.net/req/202003231/images/players/chiozch01.jpg
Chris McCullough,https://d2cwpp38twqe55.cloudfront.net/req/202003231/images/players/mcculch01.jpg
Chris Paul,https://d2cwpp38twqe55.cloudfront.net/req/202003231/images/players/paulch01.jpg
Christian Wood,https://d2cwpp38twqe55.cloudfront.net/req/202003231/images/players/woodch01.jpg
CJ McCollum,https://d2cwpp38twqe55.cloudfront.net/req/202003231/images/players/mccolcj01.jpg
Clint Capela,https://d2cwpp38twqe55.cloudfront.net/req/202003231/images/players/capelca01.jpg
Cody Zeller,https://d2cwpp38twqe55.cloudfront.net/req/202003231/images/players/zelleco01.jpg
Cole Aldrich,https://d2cwpp38twqe55.cloudfront.net/req/202003231/images/players/aldrico01.jpg
Collin Sexton,https://d2cwpp38twqe55.cloudfront.net/req/202003231/images/players/sextoco01.jpg
Corey Brewer,https://d2cwpp38twqe55.cloudfront.net/req/202003231/images/players/breweco01.jpg
Cory Joseph,https://d2cwpp38twqe55.cloudfront.net/req/202003231/images/players/josepco01.jpg
Courtney Lee,https://d2cwpp38twqe55.cloudfront.net/req/202003231/images/players/leeco01.jpg
Cristiano Felício,https://d2cwpp38twqe55.cloudfront.net/req/202003231/images/players/feliccr01.jpg
D.J. Augustin,https://d2cwpp38twqe55.cloudfront.net/req/202003231/images/players/augusdj01.jpg
D.J. Stephens,https://d2cwpp38twqe55.cloudfront.net/req/202003231/images/players/stephdj01.jpg
D.J. Wilson,https://d2cwpp38twqe55.cloudfront.net/req/202003231/images/players/wilsodj01.jpg
D'Angelo Russell,https://d2cwpp38twqe55.cloudfront.net/req/202003231/images/players/russeda01.jpg
D≈æanan Musa,https://d2cwpp38twqe55.cloudfront.net/req/202003231/images/players/musadz01.jpg
Dahntay Jones,https://d2cwpp38twqe55.cloudfront.net/req/202003231/images/players/jonesda02.jpg
Dairis BertƒÅns,https://d2cwpp38twqe55.cloudfront.net/req/202003231/images/players/bertada02.jpg
Dakari Johnson,https://d2cwpp38twqe55.cloudfront.net/req/202003231/images/players/johnsda04.jpg
Damian Jones,https://d2cwpp38twqe55.cloudfront.net/req/202003231/images/players/jonesda03.jpg
Damian Lillard,https://d2cwpp38twqe55.cloudfront.net/req/202003231/images/players/lillada01.jpg
Damien Wilkins,https://d2cwpp38twqe55.cloudfront.net/req/202003231/images/players/wilkida02.jpg
Damion Lee,https://d2cwpp38twqe55.cloudfront.net/req/202003231/images/players/leeda03.jpg
Damjan Rude≈æ,https://d2cwpp38twqe55.cloudfront.net/req/202003231/images/players/rudezda01.jpg
Damyean Dotson,https://d2cwpp38twqe55.cloudfront.net/req/202003231/images/players/dotsoda01.jpg
Daniel Hamilton,https://d2cwpp38twqe55.cloudfront.net/req/202003231/images/players/hamilda02.jpg
Daniel Ochefu,https://d2cwpp38twqe55.cloudfront.net/req/202003231/images/players/ochefda01.jpg
Daniel Theis,https://d2cwpp38twqe55.cloudfront.net/req/202003231/images/players/theisda01.jpg
Danilo Gallinari,https://d2cwpp38twqe55.cloudfront.net/req/202003231/images/players/gallida01.jpg
Danny Green,https://d2cwpp38twqe55.cloudfront.net/req/202003231/images/players/greenda02.jpg
Dante Cunningham,https://d2cwpp38twqe55.cloudfront.net/req/202003231/images/players/cunnida01.jpg
Dante Exum,https://d2cwpp38twqe55.cloudfront.net/req/202003231/images/players/exumda01.jpg
Danuel House,https://d2cwpp38twqe55.cloudfront.net/req/202003231/images/players/houseda01.jpg
Dario ≈†ariƒá,https://d2cwpp38twqe55.cloudfront.net/req/202003231/images/players/saricda01.jpg
Darius Miller,https://d2cwpp38twqe55.cloudfront.net/req/202003231/images/players/milleda01.jpg
Darrell Arthur,https://d2cwpp38twqe55.cloudfront.net/req/202003231/images/players/arthuda01.jpg
Darren Collison,https://d2cwpp38twqe55.cloudfront.net/req/202003231/images/players/collida01.jpg
Darrun Hilliard,https://d2cwpp38twqe55.cloudfront.net/req/202003231/images/players/hillida01.jpg
Daryl Macon,https://d2cwpp38twqe55.cloudfront.net/req/202003231/images/players/maconda01.jpg
David Lee,https://d2cwpp38twqe55.cloudfront.net/req/202003231/images/players/leeda02.jpg
David Nwaba,https://d2cwpp38twqe55.cloudfront.net/req/202003231/images/players/nwabada01.jpg
David Stockton,https://d2cwpp38twqe55.cloudfront.net/req/202003231/images/players/stockda01.jpg
David West,https://d2cwpp38twqe55.cloudfront.net/req/202003231/images/players/westda01.jpg
Davon Reed,https://d2cwpp38twqe55.cloudfront.net/req/202003231/images/players/reedda01.jpg
De'Aaron Fox,https://d2cwpp38twqe55.cloudfront.net/req/202003231/images/players/foxde01.jpg
De'Anthony Melton,https://d2cwpp38twqe55.cloudfront.net/req/202003231/images/players/meltode01.jpg
Deandre Ayton,https://d2cwpp38twqe55.cloudfront.net/req/202003231/images/players/aytonde01.jpg
DeAndre Jordan,https://d2cwpp38twqe55.cloudfront.net/req/202003231/images/players/jordade01.jpg
DeAndre Liggins,https://d2cwpp38twqe55.cloudfront.net/req/202003231/images/players/liggide01.jpg
DeAndre' Bembry,https://d2cwpp38twqe55.cloudfront.net/req/202003231/images/players/bembrde01.jpg
Dejounte Murray,https://d2cwpp38twqe55.cloudfront.net/req/202003231/images/players/murrade01.jpg
Delon Wright,https://d2cwpp38twqe55.cloudfront.net/req/202003231/images/players/wrighde01.jpg
DeMar DeRozan,https://d2cwpp38twqe55.cloudfront.net/req/202003231/images/players/derozde01.jpg
DeMarcus Cousins,https://d2cwpp38twqe55.cloudfront.net/req/202003231/images/players/couside01.jpg
DeMarre Carroll,https://d2cwpp38twqe55.cloudfront.net/req/202003231/images/players/carrode01.jpg
Demetrius Jackson,https://d2cwpp38twqe55.cloudfront.net/req/202003231/images/players/jacksde01.jpg
Deng Adel,https://d2cwpp38twqe55.cloudfront.net/req/202003231/images/players/adelde01.jpg
Dennis Schröder,https://d2cwpp38twqe55.cloudfront.net/req/202003231/images/players/schrode01.jpg
Dennis Smith Jr.,https://d2cwpp38twqe55.cloudfront.net/req/202003231/images/players/smithde03.jpg
Denzel Valentine,https://d2cwpp38twqe55.cloudfront.net/req/202003231/images/players/valende01.jpg
Deonte Burton,https://d2cwpp38twqe55.cloudfront.net/req/202003231/images/players/burtode02.jpg
Deron Williams,https://d2cwpp38twqe55.cloudfront.net/req/202003231/images/players/willide01.jpg
Derrick Favors,https://d2cwpp38twqe55.cloudfront.net/req/202003231/images/players/favorde01.jpg
Derrick Jones Jr.,https://d2cwpp38twqe55.cloudfront.net/req/202003231/images/players/jonesde02.jpg
Derrick Rose,https://d2cwpp38twqe55.cloudfront.net/req/202003231/images/players/rosede01.jpg
Derrick Walton,https://d2cwpp38twqe55.cloudfront.net/req/202003231/images/players/waltode01.jpg
Derrick White,https://d2cwpp38twqe55.cloudfront.net/req/202003231/images/players/whitede01.jpg
Derrick Williams,https://d2cwpp38twqe55.cloudfront.net/req/202003231/images/players/willide02.jpg
DeVaughn Akoon-Purcell,https://d2cwpp38twqe55.cloudfront.net/req/202003231/images/players/akoonde01.jpg
Devin Booker,https://d2cwpp38twqe55.cloudfront.net/req/202003231/images/players/bookede01.jpg
Devin Harris,https://d2cwpp38twqe55.cloudfront.net/req/202003231/images/players/harride01.jpg
Devin Robinson,https://d2cwpp38twqe55.cloudfront.net/req/202003231/images/players/robinde01.jpg
Devonte' Graham,https://d2cwpp38twqe55.cloudfront.net/req/202003231/images/players/grahade01.jpg
Dewayne Dedmon,https://d2cwpp38twqe55.cloudfront.net/req/202003231/images/players/dedmode01.jpg
Deyonta Davis,https://d2cwpp38twqe55.cloudfront.net/req/202003231/images/players/davisde01.jpg
DƒÅvis BertƒÅns,https://d2cwpp38twqe55.cloudfront.net/req/202003231/images/players/bertada01.jpg
Diamond Stone,https://d2cwpp38twqe55.cloudfront.net/req/202003231/images/players/stonedi01.jpg
Dillon Brooks,https://d2cwpp38twqe55.cloudfront.net/req/202003231/images/players/brookdi01.jpg
Dion Waiters,https://d2cwpp38twqe55.cloudfront.net/req/202003231/images/players/waitedi01.jpg
Dirk Nowitzki,https://d2cwpp38twqe55.cloudfront.net/req/202003231/images/players/nowitdi01.jpg
Domantas Sabonis,https://d2cwpp38twqe55.cloudfront.net/req/202003231/images/players/sabondo01.jpg
Donatas Motiej≈´nas,https://d2cwpp38twqe55.cloudfront.net/req/202003231/images/players/motiedo01.jpg
Donovan Mitchell,https://d2cwpp38twqe55.cloudfront.net/req/202003231/images/players/mitchdo01.jpg
Donte DiVincenzo,https://d2cwpp38twqe55.cloudfront.net/req/202003231/images/players/divindo01.jpg
Donte Grantham,https://d2cwpp38twqe55.cloudfront.net/req/202003231/images/players/grantdo01.jpg
Dorian Finney-Smith,https://d2cwpp38twqe55.cloudfront.net/req/202003231/images/players/finnedo01.jpg
Doug McDermott,https://d2cwpp38twqe55.cloudfront.net/req/202003231/images/players/mcderdo01.jpg
Dragan Bender,https://d2cwpp38twqe55.cloudfront.net/req/202003231/images/players/bendedr01.jpg
Draymond Green,https://d2cwpp38twqe55.cloudfront.net/req/202003231/images/players/greendr01.jpg
Drew Eubanks,https://d2cwpp38twqe55.cloudfront.net/req/202003231/images/players/eubandr01.jpg
Duncan Robinson,https://d2cwpp38twqe55.cloudfront.net/req/202003231/images/players/robindu01.jpg
Dusty Hannahs,https://d2cwpp38twqe55.cloudfront.net/req/202003231/images/players/hannadu01.jpg
Dwayne Bacon,https://d2cwpp38twqe55.cloudfront.net/req/202003231/images/players/bacondw01.jpg
Dwight Buycks,https://d2cwpp38twqe55.cloudfront.net/req/202003231/images/players/buyckdw01.jpg
Dwight Howard,https://d2cwpp38twqe55.cloudfront.net/req/202003231/images/players/howardw01.jpg
Dwight Powell,https://d2cwpp38twqe55.cloudfront.net/req/202003231/images/players/poweldw01.jpg
Dwyane Wade,https://d2cwpp38twqe55.cloudfront.net/req/202003231/images/players/wadedw01.jpg
E'Twaun Moore,https://d2cwpp38twqe55.cloudfront.net/req/202003231/images/players/mooreet01.jpg
Ed Davis,https://d2cwpp38twqe55.cloudfront.net/req/202003231/images/players/davised01.jpg
Edmond Sumner,https://d2cwpp38twqe55.cloudfront.net/req/202003231/images/players/sumneed01.jpg
Edy Tavares,https://d2cwpp38twqe55.cloudfront.net/req/202003231/images/players/tavarwa01.jpg
Ekpe Udoh,https://d2cwpp38twqe55.cloudfront.net/req/202003231/images/players/udohek01.jpg
Elfrid Payton,https://d2cwpp38twqe55.cloudfront.net/req/202003231/images/players/paytoel01.jpg
Elie Okobo,https://d2cwpp38twqe55.cloudfront.net/req/202003231/images/players/okoboel01.jpg
Elijah Millsap,https://d2cwpp38twqe55.cloudfront.net/req/202003231/images/players/millsel01.jpg
Emanuel Terry,https://d2cwpp38twqe55.cloudfront.net/req/202003231/images/players/terryem01.jpg
Emeka Okafor,https://d2cwpp38twqe55.cloudfront.net/req/202003231/images/players/okafoem01.jpg
Emmanuel Mudiay,https://d2cwpp38twqe55.cloudfront.net/req/202003231/images/players/mudiaem01.jpg
Enes Kanter,https://d2cwpp38twqe55.cloudfront.net/req/202003231/images/players/kanteen01.jpg
Eric Bledsoe,https://d2cwpp38twqe55.cloudfront.net/req/202003231/images/players/bledser01.jpg
Eric Gordon,https://d2cwpp38twqe55.cloudfront.net/req/202003231/images/players/gordoer01.jpg
Eric Moreland,https://d2cwpp38twqe55.cloudfront.net/req/202003231/images/players/moreler01.jpg
Erik McCree,https://d2cwpp38twqe55.cloudfront.net/req/202003231/images/players/mccreer01.jpg
Ersan ƒ∞lyasova,https://d2cwpp38twqe55.cloudfront.net/req/202003231/images/players/ilyaser01.jpg
Evan Fournier,https://d2cwpp38twqe55.cloudfront.net/req/202003231/images/players/fournev01.jpg
Evan Turner,https://d2cwpp38twqe55.cloudfront.net/req/202003231/images/players/turneev01.jpg
Frank Jackson,https://d2cwpp38twqe55.cloudfront.net/req/202003231/images/players/jacksfr01.jpg
Frank Kaminsky,https://d2cwpp38twqe55.cloudfront.net/req/202003231/images/players/kaminfr01.jpg
Frank Mason III,https://d2cwpp38twqe55.cloudfront.net/req/202003231/images/players/masonfr01.jpg
Frank Ntilikina,https://d2cwpp38twqe55.cloudfront.net/req/202003231/images/players/ntilila01.jpg
Fred VanVleet,https://d2cwpp38twqe55.cloudfront.net/req/202003231/images/players/vanvlfr01.jpg
Furkan Korkmaz,https://d2cwpp38twqe55.cloudfront.net/req/202003231/images/players/korkmfu01.jpg
Garrett Temple,https://d2cwpp38twqe55.cloudfront.net/req/202003231/images/players/templga01.jpg
Gary Clark,https://d2cwpp38twqe55.cloudfront.net/req/202003231/images/players/clarkga01.jpg
Gary Harris,https://d2cwpp38twqe55.cloudfront.net/req/202003231/images/players/harriga01.jpg
Gary Neal,https://d2cwpp38twqe55.cloudfront.net/req/202003231/images/players/nealga01.jpg
Gary Payton II,https://d2cwpp38twqe55.cloudfront.net/req/202003231/images/players/paytoga02.jpg
Gary Trent Jr.,https://d2cwpp38twqe55.cloudfront.net/req/202003231/images/players/trentga02.jpg
George Hill,https://d2cwpp38twqe55.cloudfront.net/req/202003231/images/players/hillge01.jpg
George King,https://d2cwpp38twqe55.cloudfront.net/req/202003231/images/players/kingge03.jpg
Georges Niang,https://d2cwpp38twqe55.cloudfront.net/req/202003231/images/players/niangge01.jpg
Georgios Papagiannis,https://d2cwpp38twqe55.cloudfront.net/req/202003231/images/players/papagge01.jpg
Gerald Green,https://d2cwpp38twqe55.cloudfront.net/req/202003231/images/players/greenge01.jpg
Gerald Henderson,https://d2cwpp38twqe55.cloudfront.net/req/202003231/images/players/hendege02.jpg
Gian Clavell,https://d2cwpp38twqe55.cloudfront.net/req/202003231/images/players/clavegi01.jpg
Giannis Antetokounmpo,https://d2cwpp38twqe55.cloudfront.net/req/202003231/images/players/antetgi01.jpg
Glenn Robinson III,https://d2cwpp38twqe55.cloudfront.net/req/202003231/images/players/robingl02.jpg
Goran Dragiƒá,https://d2cwpp38twqe55.cloudfront.net/req/202003231/images/players/dragigo01.jpg
Gordon Hayward,https://d2cwpp38twqe55.cloudfront.net/req/202003231/images/players/haywago01.jpg
Gorgui Dieng,https://d2cwpp38twqe55.cloudfront.net/req/202003231/images/players/dienggo01.jpg
Grayson Allen,https://d2cwpp38twqe55.cloudfront.net/req/202003231/images/players/allengr01.jpg
Greg Monroe,https://d2cwpp38twqe55.cloudfront.net/req/202003231/images/players/monrogr01.jpg
Greivis Vásquez,https://d2cwpp38twqe55.cloudfront.net/req/202003231/images/players/vasqugr01.jpg
Guerschon Yabusele,https://d2cwpp38twqe55.cloudfront.net/req/202003231/images/players/yabusgu01.jpg
Hamidou Diallo,https://d2cwpp38twqe55.cloudfront.net/req/202003231/images/players/diallha01.jpg
Harrison Barnes,https://d2cwpp38twqe55.cloudfront.net/req/202003231/images/players/barneha02.jpg
Harry Giles,https://d2cwpp38twqe55.cloudfront.net/req/202003231/images/players/gilesha01.jpg
Hassan Whiteside,https://d2cwpp38twqe55.cloudfront.net/req/202003231/images/players/whiteha01.jpg
Haywood Highsmith,https://d2cwpp38twqe55.cloudfront.net/req/202003231/images/players/highsha01.jpg
Henry Ellenson,https://d2cwpp38twqe55.cloudfront.net/req/202003231/images/players/ellenhe01.jpg
Hollis Thompson,https://d2cwpp38twqe55.cloudfront.net/req/202003231/images/players/thompho01.jpg
Ian Clark,https://d2cwpp38twqe55.cloudfront.net/req/202003231/images/players/clarkia01.jpg
Ian Mahinmi,https://d2cwpp38twqe55.cloudfront.net/req/202003231/images/players/mahinia01.jpg
Ike Anigbogu,https://d2cwpp38twqe55.cloudfront.net/req/202003231/images/players/anigbik01.jpg
Iman Shumpert,https://d2cwpp38twqe55.cloudfront.net/req/202003231/images/players/shumpim01.jpg
Isaac Bonga,https://d2cwpp38twqe55.cloudfront.net/req/202003231/images/players/bongais01.jpg
Isaac Humphries,https://d2cwpp38twqe55.cloudfront.net/req/202003231/images/players/humphis01.jpg
Isaiah Briscoe,https://d2cwpp38twqe55.cloudfront.net/req/202003231/images/players/briscis01.jpg
Isaiah Canaan,https://d2cwpp38twqe55.cloudfront.net/req/202003231/images/players/canaais01.jpg
Isaiah Hartenstein,https://d2cwpp38twqe55.cloudfront.net/req/202003231/images/players/harteis01.jpg
Isaiah Hicks,https://d2cwpp38twqe55.cloudfront.net/req/202003231/images/players/hicksis01.jpg
Isaiah Taylor,https://d2cwpp38twqe55.cloudfront.net/req/202003231/images/players/taylois01.jpg
Isaiah Thomas,https://d2cwpp38twqe55.cloudfront.net/req/202003231/images/players/thomais02.jpg
Isaiah Whitehead,https://d2cwpp38twqe55.cloudfront.net/req/202003231/images/players/whiteis01.jpg
Ish Smith,https://d2cwpp38twqe55.cloudfront.net/req/202003231/images/players/smithis01.jpg
Ivan Rabb,https://d2cwpp38twqe55.cloudfront.net/req/202003231/images/players/rabbiv01.jpg
Ivica Zubac,https://d2cwpp38twqe55.cloudfront.net/req/202003231/images/players/zubaciv01.jpg
J.J. Barea,https://d2cwpp38twqe55.cloudfront.net/req/202003231/images/players/bareajo01.jpg
J.J. Redick,https://d2cwpp38twqe55.cloudfront.net/req/202003231/images/players/redicjj01.jpg
J.P. Macura,https://d2cwpp38twqe55.cloudfront.net/req/202003231/images/players/macurjp01.jpg
J.R. Smith,https://d2cwpp38twqe55.cloudfront.net/req/202003231/images/players/smithjr01.jpg
Jabari Bird,https://d2cwpp38twqe55.cloudfront.net/req/202003231/images/players/birdja01.jpg
Jabari Parker,https://d2cwpp38twqe55.cloudfront.net/req/202003231/images/players/parkeja01.jpg
Jack Cooley,https://d2cwpp38twqe55.cloudfront.net/req/202003231/images/players/cooleja01.jpg
Jacob Evans,https://d2cwpp38twqe55.cloudfront.net/req/202003231/images/players/evansja02.jpg
Jacob Pullen,https://d2cwpp38twqe55.cloudfront.net/req/202003231/images/players/pulleja01.jpg
Jacob Wiley,https://d2cwpp38twqe55.cloudfront.net/req/202003231/images/players/wileyja01.jpg
Jae Crowder,https://d2cwpp38twqe55.cloudfront.net/req/202003231/images/players/crowdja01.jpg
Jahlil Okafor,https://d2cwpp38twqe55.cloudfront.net/req/202003231/images/players/okafoja01.jpg
JaKarr Sampson,https://d2cwpp38twqe55.cloudfront.net/req/202003231/images/players/sampsja02.jpg
Jake Layman,https://d2cwpp38twqe55.cloudfront.net/req/202003231/images/players/laymaja01.jpg
Jakob Pöltl,https://d2cwpp38twqe55.cloudfront.net/req/202003231/images/players/poeltja01.jpg
Jalen Brunson,https://d2cwpp38twqe55.cloudfront.net/req/202003231/images/players/brunsja01.jpg
Jalen Jones,https://d2cwpp38twqe55.cloudfront.net/req/202003231/images/players/jonesja04.jpg
Jamal Crawford,https://d2cwpp38twqe55.cloudfront.net/req/202003231/images/players/crawfja01.jpg
Jamal Murray,https://d2cwpp38twqe55.cloudfront.net/req/202003231/images/players/murraja01.jpg
Jameel Warney,https://d2cwpp38twqe55.cloudfront.net/req/202003231/images/players/warneja01.jpg
Jameer Nelson,https://d2cwpp38twqe55.cloudfront.net/req/202003231/images/players/nelsoja01.jpg
Jamel Artis,https://d2cwpp38twqe55.cloudfront.net/req/202003231/images/players/artisja01.jpg
James Ennis,https://d2cwpp38twqe55.cloudfront.net/req/202003231/images/players/ennisja01.jpg
James Harden,https://d2cwpp38twqe55.cloudfront.net/req/202003231/images/players/hardeja01.jpg
James Johnson,https://d2cwpp38twqe55.cloudfront.net/req/202003231/images/players/johnsja01.jpg
James Jones,https://d2cwpp38twqe55.cloudfront.net/req/202003231/images/players/jonesja02.jpg
James Michael McAdoo,https://d2cwpp38twqe55.cloudfront.net/req/202003231/images/players/mcadoja01.jpg
James Nunnally,https://d2cwpp38twqe55.cloudfront.net/req/202003231/images/players/nunnaja01.jpg
James Webb III,https://d2cwpp38twqe55.cloudfront.net/req/202003231/images/players/webbja01.jpg
James Young,https://d2cwpp38twqe55.cloudfront.net/req/202003231/images/players/youngja01.jpg
Jamil Wilson,https://d2cwpp38twqe55.cloudfront.net/req/202003231/images/players/wilsoja02.jpg
JaMychal Green,https://d2cwpp38twqe55.cloudfront.net/req/202003231/images/players/greenja01.jpg
Jared Dudley,https://d2cwpp38twqe55.cloudfront.net/req/202003231/images/players/dudleja01.jpg
Jared Sullinger,https://d2cwpp38twqe55.cloudfront.net/req/202003231/images/players/sullija01.jpg
Jared Terrell,https://d2cwpp38twqe55.cloudfront.net/req/202003231/images/players/terreja01.jpg
Jarell Eddie,https://d2cwpp38twqe55.cloudfront.net/req/202003231/images/players/eddieja01.jpg
Jarell Martin,https://d2cwpp38twqe55.cloudfront.net/req/202003231/images/players/martija01.jpg
Jaren Jackson Jr.,https://d2cwpp38twqe55.cloudfront.net/req/202003231/images/players/jacksja02.jpg
Jarnell Stokes,https://d2cwpp38twqe55.cloudfront.net/req/202003231/images/players/stokeja01.jpg
Jaron Blossomgame,https://d2cwpp38twqe55.cloudfront.net/req/202003231/images/players/blossja01.jpg
Jarred Vanderbilt,https://d2cwpp38twqe55.cloudfront.net/req/202003231/images/players/vandeja01.jpg
Jarrett Allen,https://d2cwpp38twqe55.cloudfront.net/req/202003231/images/players/allenja01.jpg
Jarrett Jack,https://d2cwpp38twqe55.cloudfront.net/req/202003231/images/players/jackja01.jpg
Jarrod Uthoff,https://d2cwpp38twqe55.cloudfront.net/req/202003231/images/players/uthofja01.jpg
Jason Smith,https://d2cwpp38twqe55.cloudfront.net/req/202003231/images/players/smithja02.jpg
Jason Terry,https://d2cwpp38twqe55.cloudfront.net/req/202003231/images/players/terryja01.jpg
JaVale McGee,https://d2cwpp38twqe55.cloudfront.net/req/202003231/images/players/mcgeeja01.jpg
Jawun Evans,https://d2cwpp38twqe55.cloudfront.net/req/202003231/images/players/evansja01.jpg
Jaylen Adams,https://d2cwpp38twqe55.cloudfront.net/req/202003231/images/players/adamsja01.jpg
Jaylen Brown,https://d2cwpp38twqe55.cloudfront.net/req/202003231/images/players/brownja02.jpg
Jaylen Morris,https://d2cwpp38twqe55.cloudfront.net/req/202003231/images/players/morrija01.jpg
Jayson Tatum,https://d2cwpp38twqe55.cloudfront.net/req/202003231/images/players/tatumja01.jpg
Jeff Green,https://d2cwpp38twqe55.cloudfront.net/req/202003231/images/players/greenje02.jpg
Jeff Teague,https://d2cwpp38twqe55.cloudfront.net/req/202003231/images/players/teaguje01.jpg
Jeff Withey,https://d2cwpp38twqe55.cloudfront.net/req/202003231/images/players/witheje01.jpg
Jemerrio Jones,https://d2cwpp38twqe55.cloudfront.net/req/202003231/images/players/jonesje01.jpg
Jerami Grant,https://d2cwpp38twqe55.cloudfront.net/req/202003231/images/players/grantje01.jpg
Jeremy Evans,https://d2cwpp38twqe55.cloudfront.net/req/202003231/images/players/evansje01.jpg
Jeremy Lamb,https://d2cwpp38twqe55.cloudfront.net/req/202003231/images/players/lambje01.jpg
Jeremy Lin,https://d2cwpp38twqe55.cloudfront.net/req/202003231/images/players/linje01.jpg
Jerian Grant,https://d2cwpp38twqe55.cloudfront.net/req/202003231/images/players/grantje02.jpg
Jerome Robinson,https://d2cwpp38twqe55.cloudfront.net/req/202003231/images/players/robinje01.jpg
Jerryd Bayless,https://d2cwpp38twqe55.cloudfront.net/req/202003231/images/players/bayleje01.jpg
Jevon Carter,https://d2cwpp38twqe55.cloudfront.net/req/202003231/images/players/carteje01.jpg
Jimmer Fredette,https://d2cwpp38twqe55.cloudfront.net/req/202003231/images/players/fredeji01.jpg
Jimmy Butler,https://d2cwpp38twqe55.cloudfront.net/req/202003231/images/players/butleji01.jpg
Joakim Noah,https://d2cwpp38twqe55.cloudfront.net/req/202003231/images/players/noahjo01.jpg
Jodie Meeks,https://d2cwpp38twqe55.cloudfront.net/req/202003231/images/players/meeksjo01.jpg
Joe Chealey,https://d2cwpp38twqe55.cloudfront.net/req/202003231/images/players/chealjo01.jpg
Joe Harris,https://d2cwpp38twqe55.cloudfront.net/req/202003231/images/players/harrijo01.jpg
Joe Ingles,https://d2cwpp38twqe55.cloudfront.net/req/202003231/images/players/inglejo01.jpg
Joe Johnson,https://d2cwpp38twqe55.cloudfront.net/req/202003231/images/players/johnsjo02.jpg
Joe Young,https://d2cwpp38twqe55.cloudfront.net/req/202003231/images/players/youngjo01.jpg
Joel Anthony,https://d2cwpp38twqe55.cloudfront.net/req/202003231/images/players/anthojo01.jpg
Joel Bolomboy,https://d2cwpp38twqe55.cloudfront.net/req/202003231/images/players/bolomjo01.jpg
Joel Embiid,https://d2cwpp38twqe55.cloudfront.net/req/202003231/images/players/embiijo01.jpg
Joffrey Lauvergne,https://d2cwpp38twqe55.cloudfront.net/req/202003231/images/players/lauvejo01.jpg
John Collins,https://d2cwpp38twqe55.cloudfront.net/req/202003231/images/players/collijo01.jpg
John Henson,https://d2cwpp38twqe55.cloudfront.net/req/202003231/images/players/hensojo01.jpg
John Holland,https://d2cwpp38twqe55.cloudfront.net/req/202003231/images/players/hollajo02.jpg
John Jenkins,https://d2cwpp38twqe55.cloudfront.net/req/202003231/images/players/jenkijo01.jpg
John Lucas III,https://d2cwpp38twqe55.cloudfront.net/req/202003231/images/players/lucasjo02.jpg
John Wall,https://d2cwpp38twqe55.cloudfront.net/req/202003231/images/players/walljo01.jpg
Johnathan Motley,https://d2cwpp38twqe55.cloudfront.net/req/202003231/images/players/motlejo01.jpg
Johnathan Williams,https://d2cwpp38twqe55.cloudfront.net/req/202003231/images/players/willijo04.jpg
Johnny O'Bryant,https://d2cwpp38twqe55.cloudfront.net/req/202003231/images/players/obryajo01.jpg
Jon Leuer,https://d2cwpp38twqe55.cloudfront.net/req/202003231/images/players/leuerjo01.jpg
Jonah Bolden,https://d2cwpp38twqe55.cloudfront.net/req/202003231/images/players/boldejo01.jpg
Jonas Jerebko,https://d2cwpp38twqe55.cloudfront.net/req/202003231/images/players/jerebjo01.jpg
Jonas Valanƒçi≈´nas,https://d2cwpp38twqe55.cloudfront.net/req/202003231/images/players/valanjo01.jpg
Jonathan Gibson,https://d2cwpp38twqe55.cloudfront.net/req/202003231/images/players/gibsojo01.jpg
Jonathan Isaac,https://d2cwpp38twqe55.cloudfront.net/req/202003231/images/players/isaacjo01.jpg
Jonathon Simmons,https://d2cwpp38twqe55.cloudfront.net/req/202003231/images/players/simmojo02.jpg
Jordan Bell,https://d2cwpp38twqe55.cloudfront.net/req/202003231/images/players/belljo01.jpg
Jordan Clarkson,https://d2cwpp38twqe55.cloudfront.net/req/202003231/images/players/clarkjo01.jpg
Jordan Crawford,https://d2cwpp38twqe55.cloudfront.net/req/202003231/images/players/crawfjo02.jpg
Jordan Farmar,https://d2cwpp38twqe55.cloudfront.net/req/202003231/images/players/farmajo01.jpg
Jordan Hill,https://d2cwpp38twqe55.cloudfront.net/req/202003231/images/players/hilljo01.jpg
Jordan Loyd,https://d2cwpp38twqe55.cloudfront.net/req/202003231/images/players/loydjo01.jpg
Jordan McRae,https://d2cwpp38twqe55.cloudfront.net/req/202003231/images/players/mcraejo01.jpg
Jordan Mickey,https://d2cwpp38twqe55.cloudfront.net/req/202003231/images/players/mickejo01.jpg
Jordan Sibert,https://d2cwpp38twqe55.cloudfront.net/req/202003231/images/players/siberjo01.jpg
José Calderón,https://d2cwpp38twqe55.cloudfront.net/req/202003231/images/players/caldejo01.jpg
Josh Gray,https://d2cwpp38twqe55.cloudfront.net/req/202003231/images/players/grayjo01.jpg
Josh Hart,https://d2cwpp38twqe55.cloudfront.net/req/202003231/images/players/hartjo01.jpg
Josh Huestis,https://d2cwpp38twqe55.cloudfront.net/req/202003231/images/players/huestjo01.jpg
Josh Jackson,https://d2cwpp38twqe55.cloudfront.net/req/202003231/images/players/jacksjo02.jpg
Josh Magette,https://d2cwpp38twqe55.cloudfront.net/req/202003231/images/players/magetjo01.jpg
Josh McRoberts,https://d2cwpp38twqe55.cloudfront.net/req/202003231/images/players/mcrobjo01.jpg
Josh Okogie,https://d2cwpp38twqe55.cloudfront.net/req/202003231/images/players/okogijo01.jpg
Josh Richardson,https://d2cwpp38twqe55.cloudfront.net/req/202003231/images/players/richajo01.jpg
Josh Smith,https://d2cwpp38twqe55.cloudfront.net/req/202003231/images/players/smithjo03.jpg
Jrue Holiday,https://d2cwpp38twqe55.cloudfront.net/req/202003231/images/players/holidjr01.jpg
Juan Hernangómez,https://d2cwpp38twqe55.cloudfront.net/req/202003231/images/players/hernaju01.jpg
Julian Washburn,https://d2cwpp38twqe55.cloudfront.net/req/202003231/images/players/washbju01.jpg
Julius Randle,https://d2cwpp38twqe55.cloudfront.net/req/202003231/images/players/randlju01.jpg
Julyan Stone,https://d2cwpp38twqe55.cloudfront.net/req/202003231/images/players/stoneju01.jpg
Justin Anderson,https://d2cwpp38twqe55.cloudfront.net/req/202003231/images/players/anderju01.jpg
Justin Hamilton,https://d2cwpp38twqe55.cloudfront.net/req/202003231/images/players/hamilju01.jpg
Justin Harper,https://d2cwpp38twqe55.cloudfront.net/req/202003231/images/players/harpeju01.jpg
Justin Holiday,https://d2cwpp38twqe55.cloudfront.net/req/202003231/images/players/holidju01.jpg
Justin Jackson,https://d2cwpp38twqe55.cloudfront.net/req/202003231/images/players/jacksju01.jpg
Justin Patton,https://d2cwpp38twqe55.cloudfront.net/req/202003231/images/players/pattoju01.jpg
Justise Winslow,https://d2cwpp38twqe55.cloudfront.net/req/202003231/images/players/winslju01.jpg
Jusuf Nurkiƒá,https://d2cwpp38twqe55.cloudfront.net/req/202003231/images/players/nurkiju01.jpg
K.J. McDaniels,https://d2cwpp38twqe55.cloudfront.net/req/202003231/images/players/mcdankj01.jpg
Kadeem Allen,https://d2cwpp38twqe55.cloudfront.net/req/202003231/images/players/allenka01.jpg
Kalin Lucas,https://d2cwpp38twqe55.cloudfront.net/req/202003231/images/players/lucaska01.jpg
Karl-Anthony Towns,https://d2cwpp38twqe55.cloudfront.net/req/202003231/images/players/townska01.jpg
Kawhi Leonard,https://d2cwpp38twqe55.cloudfront.net/req/202003231/images/players/leonaka01.jpg
Kay Felder,https://d2cwpp38twqe55.cloudfront.net/req/202003231/images/players/feldeka01.jpg
Keita Bates-Diop,https://d2cwpp38twqe55.cloudfront.net/req/202003231/images/players/bateske01.jpg
Kelly Olynyk,https://d2cwpp38twqe55.cloudfront.net/req/202003231/images/players/olynyke01.jpg
Kelly Oubre Jr.,https://d2cwpp38twqe55.cloudfront.net/req/202003231/images/players/oubreke01.jpg
Kemba Walker,https://d2cwpp38twqe55.cloudfront.net/req/202003231/images/players/walkeke02.jpg
Kendrick Perkins,https://d2cwpp38twqe55.cloudfront.net/req/202003231/images/players/perkike01.jpg
Kenneth Faried,https://d2cwpp38twqe55.cloudfront.net/req/202003231/images/players/farieke01.jpg
Kenrich Williams,https://d2cwpp38twqe55.cloudfront.net/req/202003231/images/players/willike04.jpg
Kent Bazemore,https://d2cwpp38twqe55.cloudfront.net/req/202003231/images/players/bazemke01.jpg
Kentavious Caldwell-Pope,https://d2cwpp38twqe55.cloudfront.net/req/202003231/images/players/caldwke01.jpg
Kevin Durant,https://d2cwpp38twqe55.cloudfront.net/req/202003231/images/players/duranke01.jpg
Kevin Huerter,https://d2cwpp38twqe55.cloudfront.net/req/202003231/images/players/huertke01.jpg
Kevin Knox,https://d2cwpp38twqe55.cloudfront.net/req/202003231/images/players/knoxke01.jpg
Kevin Love,https://d2cwpp38twqe55.cloudfront.net/req/202003231/images/players/loveke01.jpg
Kevin Séraphin,https://d2cwpp38twqe55.cloudfront.net/req/202003231/images/players/serapke01.jpg
Kevon Looney,https://d2cwpp38twqe55.cloudfront.net/req/202003231/images/players/looneke01.jpg
Khem Birch,https://d2cwpp38twqe55.cloudfront.net/req/202003231/images/players/birchkh01.jpg
Khris Middleton,https://d2cwpp38twqe55.cloudfront.net/req/202003231/images/players/middlkh01.jpg
Khyri Thomas,https://d2cwpp38twqe55.cloudfront.net/req/202003231/images/players/thomakh01.jpg
Klay Thompson,https://d2cwpp38twqe55.cloudfront.net/req/202003231/images/players/thompkl01.jpg
Kobi Simmons,https://d2cwpp38twqe55.cloudfront.net/req/202003231/images/players/simmoko01.jpg
Kosta Koufos,https://d2cwpp38twqe55.cloudfront.net/req/202003231/images/players/koufoko01.jpg
Kostas Antetokounmpo,https://d2cwpp38twqe55.cloudfront.net/req/202003231/images/players/antetko01.jpg
Kris Dunn,https://d2cwpp38twqe55.cloudfront.net/req/202003231/images/players/dunnkr01.jpg
Kris Humphries,https://d2cwpp38twqe55.cloudfront.net/req/202003231/images/players/humphkr01.jpg
Kristaps Porzi≈Üƒ£is,https://d2cwpp38twqe55.cloudfront.net/req/202003231/images/players/porzikr01.jpg
Kyle Anderson,https://d2cwpp38twqe55.cloudfront.net/req/202003231/images/players/anderky01.jpg
Kyle Collinsworth,https://d2cwpp38twqe55.cloudfront.net/req/202003231/images/players/colliky01.jpg
Kyle Korver,https://d2cwpp38twqe55.cloudfront.net/req/202003231/images/players/korveky01.jpg
Kyle Kuzma,https://d2cwpp38twqe55.cloudfront.net/req/202003231/images/players/kuzmaky01.jpg
Kyle Lowry,https://d2cwpp38twqe55.cloudfront.net/req/202003231/images/players/lowryky01.jpg
Kyle O'Quinn,https://d2cwpp38twqe55.cloudfront.net/req/202003231/images/players/oquinky01.jpg
Kyle Singler,https://d2cwpp38twqe55.cloudfront.net/req/202003231/images/players/singlky01.jpg
Kyle Wiltjer,https://d2cwpp38twqe55.cloudfront.net/req/202003231/images/players/wiltjky01.jpg
Kyrie Irving,https://d2cwpp38twqe55.cloudfront.net/req/202003231/images/players/irvinky01.jpg
Lamar Patterson,https://d2cwpp38twqe55.cloudfront.net/req/202003231/images/players/pattela01.jpg
LaMarcus Aldridge,https://d2cwpp38twqe55.cloudfront.net/req/202003231/images/players/aldrila01.jpg
Lance Stephenson,https://d2cwpp38twqe55.cloudfront.net/req/202003231/images/players/stephla01.jpg
Lance Thomas,https://d2cwpp38twqe55.cloudfront.net/req/202003231/images/players/thomala01.jpg
Landry Shamet,https://d2cwpp38twqe55.cloudfront.net/req/202003231/images/players/shamela01.jpg
Langston Galloway,https://d2cwpp38twqe55.cloudfront.net/req/202003231/images/players/gallola01.jpg
Larry Drew II,https://d2cwpp38twqe55.cloudfront.net/req/202003231/images/players/drewla02.jpg
Larry Nance Jr.,https://d2cwpp38twqe55.cloudfront.net/req/202003231/images/players/nancela02.jpg
Larry Sanders,https://d2cwpp38twqe55.cloudfront.net/req/202003231/images/players/sandela01.jpg
Lauri Markkanen,https://d2cwpp38twqe55.cloudfront.net/req/202003231/images/players/markkla01.jpg
Lavoy Allen,https://d2cwpp38twqe55.cloudfront.net/req/202003231/images/players/allenla01.jpg
Leandro Barbosa,https://d2cwpp38twqe55.cloudfront.net/req/202003231/images/players/barbole01.jpg
LeBron James,https://d2cwpp38twqe55.cloudfront.net/req/202003231/images/players/jamesle01.jpg
London Perrantes,https://d2cwpp38twqe55.cloudfront.net/req/202003231/images/players/perralo01.jpg
Lonnie Walker,https://d2cwpp38twqe55.cloudfront.net/req/202003231/images/players/walkelo01.jpg
Lonzo Ball,https://d2cwpp38twqe55.cloudfront.net/req/202003231/images/players/balllo01.jpg
Lorenzo Brown,https://d2cwpp38twqe55.cloudfront.net/req/202003231/images/players/brownlo01.jpg
Lou Williams,https://d2cwpp38twqe55.cloudfront.net/req/202003231/images/players/willilo02.jpg
Luc Mbah a Moute,https://d2cwpp38twqe55.cloudfront.net/req/202003231/images/players/mbahalu01.jpg
Lucas Nogueira,https://d2cwpp38twqe55.cloudfront.net/req/202003231/images/players/noguelu01.jpg
Luis Montero,https://d2cwpp38twqe55.cloudfront.net/req/202003231/images/players/montelu01.jpg
Luis Scola,https://d2cwpp38twqe55.cloudfront.net/req/202003231/images/players/scolalu01.jpg
Luka Donƒçiƒá,https://d2cwpp38twqe55.cloudfront.net/req/202003231/images/players/doncilu01.jpg
Luke Babbitt,https://d2cwpp38twqe55.cloudfront.net/req/202003231/images/players/babbilu01.jpg
Luke Kennard,https://d2cwpp38twqe55.cloudfront.net/req/202003231/images/players/kennalu01.jpg
Luke Kornet,https://d2cwpp38twqe55.cloudfront.net/req/202003231/images/players/kornelu01.jpg
Luol Deng,https://d2cwpp38twqe55.cloudfront.net/req/202003231/images/players/denglu01.jpg
Malachi Richardson,https://d2cwpp38twqe55.cloudfront.net/req/202003231/images/players/richama01.jpg
Malcolm Brogdon,https://d2cwpp38twqe55.cloudfront.net/req/202003231/images/players/brogdma01.jpg
Malcolm Delaney,https://d2cwpp38twqe55.cloudfront.net/req/202003231/images/players/delanma01.jpg
Malcolm Miller,https://d2cwpp38twqe55.cloudfront.net/req/202003231/images/players/millema01.jpg
Malik Beasley,https://d2cwpp38twqe55.cloudfront.net/req/202003231/images/players/beaslma01.jpg
Malik Monk,https://d2cwpp38twqe55.cloudfront.net/req/202003231/images/players/monkma01.jpg
Mangok Mathiang,https://d2cwpp38twqe55.cloudfront.net/req/202003231/images/players/mathima01.jpg
Manny Harris,https://d2cwpp38twqe55.cloudfront.net/req/202003231/images/players/harrima01.jpg
Manu Ginóbili,https://d2cwpp38twqe55.cloudfront.net/req/202003231/images/players/ginobma01.jpg
Marc Gasol,https://d2cwpp38twqe55.cloudfront.net/req/202003231/images/players/gasolma01.jpg
Marcelo Huertas,https://d2cwpp38twqe55.cloudfront.net/req/202003231/images/players/huertma01.jpg
Marcin Gortat,https://d2cwpp38twqe55.cloudfront.net/req/202003231/images/players/gortama01.jpg
Marco Belinelli,https://d2cwpp38twqe55.cloudfront.net/req/202003231/images/players/belinma01.jpg
Marcus Derrickson,https://d2cwpp38twqe55.cloudfront.net/req/202003231/images/players/derrima01.jpg
Marcus Georges-Hunt,https://d2cwpp38twqe55.cloudfront.net/req/202003231/images/players/georgma01.jpg
Marcus Morris,https://d2cwpp38twqe55.cloudfront.net/req/202003231/images/players/morrima03.jpg
Marcus Paige,https://d2cwpp38twqe55.cloudfront.net/req/202003231/images/players/paigema01.jpg
Marcus Smart,https://d2cwpp38twqe55.cloudfront.net/req/202003231/images/players/smartma01.jpg
Marcus Thornton,https://d2cwpp38twqe55.cloudfront.net/req/202003231/images/players/thornma01.jpg
Mario Chalmers,https://d2cwpp38twqe55.cloudfront.net/req/202003231/images/players/chalmma01.jpg
Mario Hezonja,https://d2cwpp38twqe55.cloudfront.net/req/202003231/images/players/hezonma01.jpg
Markel Brown,https://d2cwpp38twqe55.cloudfront.net/req/202003231/images/players/brownma02.jpg
Markelle Fultz,https://d2cwpp38twqe55.cloudfront.net/req/202003231/images/players/fultzma01.jpg
Markieff Morris,https://d2cwpp38twqe55.cloudfront.net/req/202003231/images/players/morrima02.jpg
Marquese Chriss,https://d2cwpp38twqe55.cloudfront.net/req/202003231/images/players/chrisma01.jpg
Marquis Teague,https://d2cwpp38twqe55.cloudfront.net/req/202003231/images/players/teaguma01.jpg
Marreese Speights,https://d2cwpp38twqe55.cloudfront.net/req/202003231/images/players/speigma01.jpg
Marshall Plumlee,https://d2cwpp38twqe55.cloudfront.net/req/202003231/images/players/plumlma02.jpg
MarShon Brooks,https://d2cwpp38twqe55.cloudfront.net/req/202003231/images/players/brookma01.jpg
Marvin Bagley III,https://d2cwpp38twqe55.cloudfront.net/req/202003231/images/players/baglema01.jpg
Marvin Williams,https://d2cwpp38twqe55.cloudfront.net/req/202003231/images/players/willima02.jpg
Mason Plumlee,https://d2cwpp38twqe55.cloudfront.net/req/202003231/images/players/plumlma01.jpg
Matt Barnes,https://d2cwpp38twqe55.cloudfront.net/req/202003231/images/players/barnema02.jpg
Matt Costello,https://d2cwpp38twqe55.cloudfront.net/req/202003231/images/players/costema01.jpg
Matt Williams,https://d2cwpp38twqe55.cloudfront.net/req/202003231/images/players/willima05.jpg
Matthew Dellavedova,https://d2cwpp38twqe55.cloudfront.net/req/202003231/images/players/dellama01.jpg
Maurice Harkless,https://d2cwpp38twqe55.cloudfront.net/req/202003231/images/players/harklma01.jpg
Maurice Ndour,https://d2cwpp38twqe55.cloudfront.net/req/202003231/images/players/ndourma01.jpg
Maxi Kleber,https://d2cwpp38twqe55.cloudfront.net/req/202003231/images/players/klebima01.jpg
Melvin Frazier,https://d2cwpp38twqe55.cloudfront.net/req/202003231/images/players/frazime01.jpg
Metta World Peace,https://d2cwpp38twqe55.cloudfront.net/req/202003231/images/players/artesro01.jpg
Meyers Leonard,https://d2cwpp38twqe55.cloudfront.net/req/202003231/images/players/leoname01.jpg
Michael Beasley,https://d2cwpp38twqe55.cloudfront.net/req/202003231/images/players/beaslmi01.jpg
Michael Carter-Williams,https://d2cwpp38twqe55.cloudfront.net/req/202003231/images/players/cartemi01.jpg
Michael Gbinije,https://d2cwpp38twqe55.cloudfront.net/req/202003231/images/players/gbinimi01.jpg
Michael Kidd-Gilchrist,https://d2cwpp38twqe55.cloudfront.net/req/202003231/images/players/kiddgmi01.jpg
Mikal Bridges,https://d2cwpp38twqe55.cloudfront.net/req/202003231/images/players/bridgmi01.jpg
Mike Conley,https://d2cwpp38twqe55.cloudfront.net/req/202003231/images/players/conlemi01.jpg
Mike Dunleavy,https://d2cwpp38twqe55.cloudfront.net/req/202003231/images/players/dunlemi02.jpg
Mike James,https://d2cwpp38twqe55.cloudfront.net/req/202003231/images/players/jamesmi02.jpg
Mike Miller,https://d2cwpp38twqe55.cloudfront.net/req/202003231/images/players/millemi01.jpg
Mike Muscala,https://d2cwpp38twqe55.cloudfront.net/req/202003231/images/players/muscami01.jpg
Mike Scott,https://d2cwpp38twqe55.cloudfront.net/req/202003231/images/players/scottmi01.jpg
Mike Tobey,https://d2cwpp38twqe55.cloudfront.net/req/202003231/images/players/tobeymi01.jpg
Miles Bridges,https://d2cwpp38twqe55.cloudfront.net/req/202003231/images/players/bridgmi02.jpg
Miles Plumlee,https://d2cwpp38twqe55.cloudfront.net/req/202003231/images/players/plumlmi01.jpg
Milo≈° Teodosiƒá,https://d2cwpp38twqe55.cloudfront.net/req/202003231/images/players/teodomi01.jpg
Milton Doyle,https://d2cwpp38twqe55.cloudfront.net/req/202003231/images/players/doylemi01.jpg
Mindaugas Kuzminskas,https://d2cwpp38twqe55.cloudfront.net/req/202003231/images/players/kuzmimi01.jpg
Mirza Teletoviƒá,https://d2cwpp38twqe55.cloudfront.net/req/202003231/images/players/teletmi01.jpg
Mitch Creek,https://d2cwpp38twqe55.cloudfront.net/req/202003231/images/players/creekmi01.jpg
Mitchell Robinson,https://d2cwpp38twqe55.cloudfront.net/req/202003231/images/players/robinmi01.jpg
Mo Bamba,https://d2cwpp38twqe55.cloudfront.net/req/202003231/images/players/bambamo01.jpg
Monta Ellis,https://d2cwpp38twqe55.cloudfront.net/req/202003231/images/players/ellismo01.jpg
Monte Morris,https://d2cwpp38twqe55.cloudfront.net/req/202003231/images/players/morrimo01.jpg
Montrezl Harrell,https://d2cwpp38twqe55.cloudfront.net/req/202003231/images/players/harremo01.jpg
Moritz Wagner,https://d2cwpp38twqe55.cloudfront.net/req/202003231/images/players/wagnemo01.jpg
Myke Henry,https://d2cwpp38twqe55.cloudfront.net/req/202003231/images/players/henrymy01.jpg
Myles Turner,https://d2cwpp38twqe55.cloudfront.net/req/202003231/images/players/turnemy01.jpg
Nate Wolters,https://d2cwpp38twqe55.cloudfront.net/req/202003231/images/players/woltena01.jpg
Naz Mitrou-Long,https://d2cwpp38twqe55.cloudfront.net/req/202003231/images/players/mitrona01.jpg
Nemanja Bjelica,https://d2cwpp38twqe55.cloudfront.net/req/202003231/images/players/bjeline01.jpg
Nenê,https://d2cwpp38twqe55.cloudfront.net/req/202003231/images/players/hilarne01.jpg
Nerlens Noel,https://d2cwpp38twqe55.cloudfront.net/req/202003231/images/players/noelne01.jpg
Nick Collison,https://d2cwpp38twqe55.cloudfront.net/req/202003231/images/players/collini01.jpg
Nick Young,https://d2cwpp38twqe55.cloudfront.net/req/202003231/images/players/youngni01.jpg
Nicolás Brussino,https://d2cwpp38twqe55.cloudfront.net/req/202003231/images/players/brussni01.jpg
Nicolás Laprovíttola,https://d2cwpp38twqe55.cloudfront.net/req/202003231/images/players/laproni01.jpg
Nicolas Batum,https://d2cwpp38twqe55.cloudfront.net/req/202003231/images/players/batumni01.jpg
Nigel Hayes,https://d2cwpp38twqe55.cloudfront.net/req/202003231/images/players/hayesni01.jpg
Nik Stauskas,https://d2cwpp38twqe55.cloudfront.net/req/202003231/images/players/stausni01.jpg
Nikola Jokiƒá,https://d2cwpp38twqe55.cloudfront.net/req/202003231/images/players/jokicni01.jpg
Nikola Mirotiƒá,https://d2cwpp38twqe55.cloudfront.net/req/202003231/images/players/mirotni01.jpg
Nikola Vuƒçeviƒá,https://d2cwpp38twqe55.cloudfront.net/req/202003231/images/players/vucevni01.jpg
Noah Vonleh,https://d2cwpp38twqe55.cloudfront.net/req/202003231/images/players/vonleno01.jpg
Norman Powell,https://d2cwpp38twqe55.cloudfront.net/req/202003231/images/players/powelno01.jpg
Norris Cole,https://d2cwpp38twqe55.cloudfront.net/req/202003231/images/players/coleno01.jpg
OG Anunoby,https://d2cwpp38twqe55.cloudfront.net/req/202003231/images/players/anunoog01.jpg
Okaro White,https://d2cwpp38twqe55.cloudfront.net/req/202003231/images/players/whiteok01.jpg
Omari Johnson,https://d2cwpp38twqe55.cloudfront.net/req/202003231/images/players/johnsom01.jpg
Omari Spellman,https://d2cwpp38twqe55.cloudfront.net/req/202003231/images/players/spellom01.jpg
Omri Casspi,https://d2cwpp38twqe55.cloudfront.net/req/202003231/images/players/casspom01.jpg
Otto Porter,https://d2cwpp38twqe55.cloudfront.net/req/202003231/images/players/porteot01.jpg
P.J. Tucker,https://d2cwpp38twqe55.cloudfront.net/req/202003231/images/players/tuckepj01.jpg
Pascal Siakam,https://d2cwpp38twqe55.cloudfront.net/req/202003231/images/players/siakapa01.jpg
Pat Connaughton,https://d2cwpp38twqe55.cloudfront.net/req/202003231/images/players/connapa01.jpg
Patricio Garino,https://d2cwpp38twqe55.cloudfront.net/req/202003231/images/players/garinpa01.jpg
Patrick Beverley,https://d2cwpp38twqe55.cloudfront.net/req/202003231/images/players/beverpa01.jpg
Patrick McCaw,https://d2cwpp38twqe55.cloudfront.net/req/202003231/images/players/mccawpa01.jpg
Patrick Patterson,https://d2cwpp38twqe55.cloudfront.net/req/202003231/images/players/pattepa01.jpg
Patty Mills,https://d2cwpp38twqe55.cloudfront.net/req/202003231/images/players/millspa02.jpg
Pau Gasol,https://d2cwpp38twqe55.cloudfront.net/req/202003231/images/players/gasolpa01.jpg
Paul George,https://d2cwpp38twqe55.cloudfront.net/req/202003231/images/players/georgpa01.jpg
Paul Millsap,https://d2cwpp38twqe55.cloudfront.net/req/202003231/images/players/millspa01.jpg
Paul Pierce,https://d2cwpp38twqe55.cloudfront.net/req/202003231/images/players/piercpa01.jpg
Paul Zipser,https://d2cwpp38twqe55.cloudfront.net/req/202003231/images/players/zipsepa01.jpg
Pierre Jackson,https://d2cwpp38twqe55.cloudfront.net/req/202003231/images/players/jackspi01.jpg
PJ Dozier,https://d2cwpp38twqe55.cloudfront.net/req/202003231/images/players/doziepj01.jpg
Quincy Acy,https://d2cwpp38twqe55.cloudfront.net/req/202003231/images/players/acyqu01.jpg
Quincy Pondexter,https://d2cwpp38twqe55.cloudfront.net/req/202003231/images/players/pondequ01.jpg
Quinn Cook,https://d2cwpp38twqe55.cloudfront.net/req/202003231/images/players/cookqu01.jpg
R.J. Hunter,https://d2cwpp38twqe55.cloudfront.net/req/202003231/images/players/hunterj01.jpg
Rajon Rondo,https://d2cwpp38twqe55.cloudfront.net/req/202003231/images/players/rondora01.jpg
Rakeem Christmas,https://d2cwpp38twqe55.cloudfront.net/req/202003231/images/players/chrisra01.jpg
Ramon Sessions,https://d2cwpp38twqe55.cloudfront.net/req/202003231/images/players/sessira01.jpg
Randy Foye,https://d2cwpp38twqe55.cloudfront.net/req/202003231/images/players/foyera01.jpg
Rashad Vaughn,https://d2cwpp38twqe55.cloudfront.net/req/202003231/images/players/vaughra01.jpg
Raul Neto,https://d2cwpp38twqe55.cloudfront.net/req/202003231/images/players/netora01.jpg
Rawle Alkins,https://d2cwpp38twqe55.cloudfront.net/req/202003231/images/players/alkinra01.jpg
Ray Spalding,https://d2cwpp38twqe55.cloudfront.net/req/202003231/images/players/spaldra01.jpg
Raymond Felton,https://d2cwpp38twqe55.cloudfront.net/req/202003231/images/players/feltora01.jpg
Reggie Bullock,https://d2cwpp38twqe55.cloudfront.net/req/202003231/images/players/bullore01.jpg
Reggie Hearn,https://d2cwpp38twqe55.cloudfront.net/req/202003231/images/players/hearnre01.jpg
Reggie Jackson,https://d2cwpp38twqe55.cloudfront.net/req/202003231/images/players/jacksre01.jpg
Reggie Williams,https://d2cwpp38twqe55.cloudfront.net/req/202003231/images/players/willire02.jpg
Richard Jefferson,https://d2cwpp38twqe55.cloudfront.net/req/202003231/images/players/jefferi01.jpg
Richaun Holmes,https://d2cwpp38twqe55.cloudfront.net/req/202003231/images/players/holmeri01.jpg
Ricky Rubio,https://d2cwpp38twqe55.cloudfront.net/req/202003231/images/players/rubiori01.jpg
Robert Covington,https://d2cwpp38twqe55.cloudfront.net/req/202003231/images/players/covinro01.jpg
Robert Williams,https://d2cwpp38twqe55.cloudfront.net/req/202003231/images/players/williro04.jpg
Robin Lopez,https://d2cwpp38twqe55.cloudfront.net/req/202003231/images/players/lopezro01.jpg
Rodions Kurucs,https://d2cwpp38twqe55.cloudfront.net/req/202003231/images/players/kurucro01.jpg
Rodney Hood,https://d2cwpp38twqe55.cloudfront.net/req/202003231/images/players/hoodro01.jpg
Rodney McGruder,https://d2cwpp38twqe55.cloudfront.net/req/202003231/images/players/mcgruro01.jpg
Rodney Purvis,https://d2cwpp38twqe55.cloudfront.net/req/202003231/images/players/purviro01.jpg
Rodney Stuckey,https://d2cwpp38twqe55.cloudfront.net/req/202003231/images/players/stuckro01.jpg
Ron Baker,https://d2cwpp38twqe55.cloudfront.net/req/202003231/images/players/bakerro01.jpg
Rondae Hollis-Jefferson,https://d2cwpp38twqe55.cloudfront.net/req/202003231/images/players/holliro01.jpg
Ronnie Price,https://d2cwpp38twqe55.cloudfront.net/req/202003231/images/players/pricero01.jpg
Roy Hibbert,https://d2cwpp38twqe55.cloudfront.net/req/202003231/images/players/hibbero01.jpg
Royce O'Neale,https://d2cwpp38twqe55.cloudfront.net/req/202003231/images/players/onealro01.jpg
Rudy Gay,https://d2cwpp38twqe55.cloudfront.net/req/202003231/images/players/gayru01.jpg
Rudy Gobert,https://d2cwpp38twqe55.cloudfront.net/req/202003231/images/players/goberru01.jpg
Russell Westbrook,https://d2cwpp38twqe55.cloudfront.net/req/202003231/images/players/westbru01.jpg
Ryan Anderson,https://d2cwpp38twqe55.cloudfront.net/req/202003231/images/players/anderry01.jpg
Ryan Arcidiacono,https://d2cwpp38twqe55.cloudfront.net/req/202003231/images/players/arcidry01.jpg
Ryan Broekhoff,https://d2cwpp38twqe55.cloudfront.net/req/202003231/images/players/broekry01.jpg
Ryan Kelly,https://d2cwpp38twqe55.cloudfront.net/req/202003231/images/players/kellyry01.jpg
Salah Mejri,https://d2cwpp38twqe55.cloudfront.net/req/202003231/images/players/mejrisa01.jpg
Sam Dekker,https://d2cwpp38twqe55.cloudfront.net/req/202003231/images/players/dekkesa01.jpg
Sasha Vujaƒçiƒá,https://d2cwpp38twqe55.cloudfront.net/req/202003231/images/players/vujacsa01.jpg
Scott Machado,https://d2cwpp38twqe55.cloudfront.net/req/202003231/images/players/machasc01.jpg
Scotty Hopson,https://d2cwpp38twqe55.cloudfront.net/req/202003231/images/players/hopsosc01.jpg
Sean Kilpatrick,https://d2cwpp38twqe55.cloudfront.net/req/202003231/images/players/kilpase01.jpg
Semaj Christon,https://d2cwpp38twqe55.cloudfront.net/req/202003231/images/players/chrisse01.jpg
Semi Ojeleye,https://d2cwpp38twqe55.cloudfront.net/req/202003231/images/players/ojelese01.jpg
Serge Ibaka,https://d2cwpp38twqe55.cloudfront.net/req/202003231/images/players/ibakase01.jpg
Sergio Rodríguez,https://d2cwpp38twqe55.cloudfront.net/req/202003231/images/players/rodrise01.jpg
Seth Curry,https://d2cwpp38twqe55.cloudfront.net/req/202003231/images/players/curryse01.jpg
Shabazz Muhammad,https://d2cwpp38twqe55.cloudfront.net/req/202003231/images/players/muhamsh01.jpg
Shabazz Napier,https://d2cwpp38twqe55.cloudfront.net/req/202003231/images/players/napiesh01.jpg
Shai Gilgeous-Alexander,https://d2cwpp38twqe55.cloudfront.net/req/202003231/images/players/gilgesh01.jpg
Shake Milton,https://d2cwpp38twqe55.cloudfront.net/req/202003231/images/players/miltosh01.jpg
Shane Larkin,https://d2cwpp38twqe55.cloudfront.net/req/202003231/images/players/larkish01.jpg
Shaquille Harrison,https://d2cwpp38twqe55.cloudfront.net/req/202003231/images/players/harrish01.jpg
Shaun Livingston,https://d2cwpp38twqe55.cloudfront.net/req/202003231/images/players/livinsh01.jpg
Shawn Long,https://d2cwpp38twqe55.cloudfront.net/req/202003231/images/players/longsh01.jpg
Sheldon Mac,https://d2cwpp38twqe55.cloudfront.net/req/202003231/images/players/mcclesh01.jpg
Shelvin Mack,https://d2cwpp38twqe55.cloudfront.net/req/202003231/images/players/macksh01.jpg
Sindarius Thornwell,https://d2cwpp38twqe55.cloudfront.net/req/202003231/images/players/thornsi01.jpg
Skal Labissière,https://d2cwpp38twqe55.cloudfront.net/req/202003231/images/players/labissk01.jpg
Solomon Hill,https://d2cwpp38twqe55.cloudfront.net/req/202003231/images/players/hillso01.jpg
Spencer Dinwiddie,https://d2cwpp38twqe55.cloudfront.net/req/202003231/images/players/dinwisp01.jpg
Spencer Hawes,https://d2cwpp38twqe55.cloudfront.net/req/202003231/images/players/hawessp01.jpg
Stanley Johnson,https://d2cwpp38twqe55.cloudfront.net/req/202003231/images/players/johnsst04.jpg
Stephen Curry,https://d2cwpp38twqe55.cloudfront.net/req/202003231/images/players/curryst01.jpg
Stephen Zimmerman,https://d2cwpp38twqe55.cloudfront.net/req/202003231/images/players/zimmest01.jpg
Sterling Brown,https://d2cwpp38twqe55.cloudfront.net/req/202003231/images/players/brownst02.jpg
Steve Novak,https://d2cwpp38twqe55.cloudfront.net/req/202003231/images/players/novakst01.jpg
Steven Adams,https://d2cwpp38twqe55.cloudfront.net/req/202003231/images/players/adamsst01.jpg
Sviatoslav Mykhailiuk,https://d2cwpp38twqe55.cloudfront.net/req/202003231/images/players/mykhasv01.jpg
T.J. Leaf,https://d2cwpp38twqe55.cloudfront.net/req/202003231/images/players/leaftj01.jpg
T.J. McConnell,https://d2cwpp38twqe55.cloudfront.net/req/202003231/images/players/mccontj01.jpg
T.J. Warren,https://d2cwpp38twqe55.cloudfront.net/req/202003231/images/players/warretj01.jpg
Tahjere McCall,https://d2cwpp38twqe55.cloudfront.net/req/202003231/images/players/mccalta01.jpg
Taj Gibson,https://d2cwpp38twqe55.cloudfront.net/req/202003231/images/players/gibsota01.jpg
Tarik Black,https://d2cwpp38twqe55.cloudfront.net/req/202003231/images/players/blackta01.jpg
Taurean Prince,https://d2cwpp38twqe55.cloudfront.net/req/202003231/images/players/princta02.jpg
Terrance Ferguson,https://d2cwpp38twqe55.cloudfront.net/req/202003231/images/players/fergute01.jpg
Terrence Jones,https://d2cwpp38twqe55.cloudfront.net/req/202003231/images/players/joneste01.jpg
Terrence Ross,https://d2cwpp38twqe55.cloudfront.net/req/202003231/images/players/rosste01.jpg
Terry Rozier,https://d2cwpp38twqe55.cloudfront.net/req/202003231/images/players/roziete01.jpg
Thabo Sefolosha,https://d2cwpp38twqe55.cloudfront.net/req/202003231/images/players/sefolth01.jpg
Thaddeus Young,https://d2cwpp38twqe55.cloudfront.net/req/202003231/images/players/youngth01.jpg
Theo Pinson,https://d2cwpp38twqe55.cloudfront.net/req/202003231/images/players/pinsoth01.jpg
Thomas Bryant,https://d2cwpp38twqe55.cloudfront.net/req/202003231/images/players/bryanth01.jpg
Thomas Robinson,https://d2cwpp38twqe55.cloudfront.net/req/202003231/images/players/robinth01.jpg
Thomas Welsh,https://d2cwpp38twqe55.cloudfront.net/req/202003231/images/players/welshth01.jpg
Thon Maker,https://d2cwpp38twqe55.cloudfront.net/req/202003231/images/players/makerth01.jpg
Tiago Splitter,https://d2cwpp38twqe55.cloudfront.net/req/202003231/images/players/splitti01.jpg
Tim Frazier,https://d2cwpp38twqe55.cloudfront.net/req/202003231/images/players/fraziti01.jpg
Tim Hardaway Jr.,https://d2cwpp38twqe55.cloudfront.net/req/202003231/images/players/hardati02.jpg
Tim Quarterman,https://d2cwpp38twqe55.cloudfront.net/req/202003231/images/players/quartti01.jpg
Timofey Mozgov,https://d2cwpp38twqe55.cloudfront.net/req/202003231/images/players/mozgoti01.jpg
Timothé Luwawu-Cabarrot,https://d2cwpp38twqe55.cloudfront.net/req/202003231/images/players/luwawti01.jpg
Tobias Harris,https://d2cwpp38twqe55.cloudfront.net/req/202003231/images/players/harrito02.jpg
Tomáš Satoranský,https://d2cwpp38twqe55.cloudfront.net/req/202003231/images/players/satorto01.jpg
Toney Douglas,https://d2cwpp38twqe55.cloudfront.net/req/202003231/images/players/douglto01.jpg
Tony Allen,https://d2cwpp38twqe55.cloudfront.net/req/202003231/images/players/allento01.jpg
Tony Bradley,https://d2cwpp38twqe55.cloudfront.net/req/202003231/images/players/bradlto01.jpg
Tony Parker,https://d2cwpp38twqe55.cloudfront.net/req/202003231/images/players/parketo01.jpg
Tony Snell,https://d2cwpp38twqe55.cloudfront.net/req/202003231/images/players/snellto01.jpg
Torrey Craig,https://d2cwpp38twqe55.cloudfront.net/req/202003231/images/players/craigto01.jpg
Trae Young,https://d2cwpp38twqe55.cloudfront.net/req/202003231/images/players/youngtr01.jpg
Travis Wear,https://d2cwpp38twqe55.cloudfront.net/req/202003231/images/players/weartr01.jpg
Treveon Graham,https://d2cwpp38twqe55.cloudfront.net/req/202003231/images/players/grahatr01.jpg
Trevon Duval,https://d2cwpp38twqe55.cloudfront.net/req/202003231/images/players/duvaltr01.jpg
Trevor Ariza,https://d2cwpp38twqe55.cloudfront.net/req/202003231/images/players/arizatr01.jpg
Trevor Booker,https://d2cwpp38twqe55.cloudfront.net/req/202003231/images/players/booketr01.jpg
Trey Burke,https://d2cwpp38twqe55.cloudfront.net/req/202003231/images/players/burketr01.jpg
Trey Lyles,https://d2cwpp38twqe55.cloudfront.net/req/202003231/images/players/lylestr01.jpg
Trey McKinney-Jones,https://d2cwpp38twqe55.cloudfront.net/req/202003231/images/players/mckintr01.jpg
Tristan Thompson,https://d2cwpp38twqe55.cloudfront.net/req/202003231/images/players/thomptr01.jpg
Troy Brown Jr.,https://d2cwpp38twqe55.cloudfront.net/req/202003231/images/players/browntr01.jpg
Troy Caupain,https://d2cwpp38twqe55.cloudfront.net/req/202003231/images/players/caupatr01.jpg
Troy Daniels,https://d2cwpp38twqe55.cloudfront.net/req/202003231/images/players/danietr01.jpg
Troy Williams,https://d2cwpp38twqe55.cloudfront.net/req/202003231/images/players/willitr02.jpg
Ty Lawson,https://d2cwpp38twqe55.cloudfront.net/req/202003231/images/players/lawsoty01.jpg
Tyler Cavanaugh,https://d2cwpp38twqe55.cloudfront.net/req/202003231/images/players/cavanty01.jpg
Tyler Davis,https://d2cwpp38twqe55.cloudfront.net/req/202003231/images/players/davisty01.jpg
Tyler Dorsey,https://d2cwpp38twqe55.cloudfront.net/req/202003231/images/players/dorsety01.jpg
Tyler Ennis,https://d2cwpp38twqe55.cloudfront.net/req/202003231/images/players/ennisty01.jpg
Tyler Johnson,https://d2cwpp38twqe55.cloudfront.net/req/202003231/images/players/johnsty01.jpg
Tyler Lydon,https://d2cwpp38twqe55.cloudfront.net/req/202003231/images/players/lydonty01.jpg
Tyler Ulis,https://d2cwpp38twqe55.cloudfront.net/req/202003231/images/players/ulisty01.jpg
Tyler Zeller,https://d2cwpp38twqe55.cloudfront.net/req/202003231/images/players/zellety01.jpg
Tyreke Evans,https://d2cwpp38twqe55.cloudfront.net/req/202003231/images/players/evansty01.jpg
Tyrone Wallace,https://d2cwpp38twqe55.cloudfront.net/req/202003231/images/players/wallaty01.jpg
Tyson Chandler,https://d2cwpp38twqe55.cloudfront.net/req/202003231/images/players/chandty01.jpg
Tyus Jones,https://d2cwpp38twqe55.cloudfront.net/req/202003231/images/players/jonesty01.jpg
Udonis Haslem,https://d2cwpp38twqe55.cloudfront.net/req/202003231/images/players/hasleud01.jpg
Vander Blue,https://d2cwpp38twqe55.cloudfront.net/req/202003231/images/players/blueva01.jpg
Victor Oladipo,https://d2cwpp38twqe55.cloudfront.net/req/202003231/images/players/oladivi01.jpg
Vince Carter,https://d2cwpp38twqe55.cloudfront.net/req/202003231/images/players/cartevi01.jpg
Vince Edwards,https://d2cwpp38twqe55.cloudfront.net/req/202003231/images/players/edwarvi01.jpg
Vince Hunter,https://d2cwpp38twqe55.cloudfront.net/req/202003231/images/players/huntevi01.jpg
Wade Baldwin,https://d2cwpp38twqe55.cloudfront.net/req/202003231/images/players/baldwwa01.jpg
Walt Lemon Jr.,https://d2cwpp38twqe55.cloudfront.net/req/202003231/images/players/lemonwa01.jpg
Wayne Ellington,https://d2cwpp38twqe55.cloudfront.net/req/202003231/images/players/ellinwa01.jpg
Wayne Selden,https://d2cwpp38twqe55.cloudfront.net/req/202003231/images/players/seldewa01.jpg
Wendell Carter Jr.,https://d2cwpp38twqe55.cloudfront.net/req/202003231/images/players/cartewe01.jpg
Wesley Iwundu,https://d2cwpp38twqe55.cloudfront.net/req/202003231/images/players/iwundwe01.jpg
Wesley Johnson,https://d2cwpp38twqe55.cloudfront.net/req/202003231/images/players/johnswe01.jpg
Wesley Matthews,https://d2cwpp38twqe55.cloudfront.net/req/202003231/images/players/matthwe02.jpg
Will Barton,https://d2cwpp38twqe55.cloudfront.net/req/202003231/images/players/bartowi01.jpg
Willie Cauley-Stein,https://d2cwpp38twqe55.cloudfront.net/req/202003231/images/players/caulewi01.jpg
Willie Reed,https://d2cwpp38twqe55.cloudfront.net/req/202003231/images/players/reedwi02.jpg
Willy Hernangómez,https://d2cwpp38twqe55.cloudfront.net/req/202003231/images/players/hernawi01.jpg
Wilson Chandler,https://d2cwpp38twqe55.cloudfront.net/req/202003231/images/players/chandwi01.jpg
Xavier Munford,https://d2cwpp38twqe55.cloudfront.net/req/202003231/images/players/munfoxa02.jpg
Xavier Rathan-Mayes,https://d2cwpp38twqe55.cloudfront.net/req/202003231/images/players/rathaxa01.jpg
Xavier Silas,https://d2cwpp38twqe55.cloudfront.net/req/202003231/images/players/silasxa01.jpg
Yante Maten,https://d2cwpp38twqe55.cloudfront.net/req/202003231/images/players/matenya01.jpg
Yogi Ferrell,https://d2cwpp38twqe55.cloudfront.net/req/202003231/images/players/ferreyo01.jpg
Yuta Watanabe,https://d2cwpp38twqe55.cloudfront.net/req/202003231/images/players/watanyu01.jpg
Zach Collins,https://d2cwpp38twqe55.cloudfront.net/req/202003231/images/players/colliza01.jpg
Zach LaVine,https://d2cwpp38twqe55.cloudfront.net/req/202003231/images/players/lavinza01.jpg
Zach Lofton,https://d2cwpp38twqe55.cloudfront.net/req/202003231/images/players/loftoza01.jpg
Zach Randolph,https://d2cwpp38twqe55.cloudfront.net/req/202003231/images/players/randoza01.jpg
Zaza Pachulia,https://d2cwpp38twqe55.cloudfront.net/req/202003231/images/players/pachuza01.jpg
Zhaire Smith,https://d2cwpp38twqe55.cloudfront.net/req/202003231/images/players/smithzh01.jpg
Zhou Qi,https://d2cwpp38twqe55.cloudfront.net/req/202003231/images/players/qizh01.jpg